n,t,p_value,seed,type
500,0,0.278,0,off-target
500,0,0.312,0,target
500,1450,0.348,0,off-target
500,1450,0.871,0,target
500,0,0.591,1,off-target
500,0,0.995,1,target
500,1450,0.168,1,off-target
500,1450,0.35,1,target
500,0,0.06,2,off-target
500,0,0.837,2,target
500,1450,0.341,2,off-target
500,1450,0.421,2,target
500,0,0.966,3,off-target
500,0,0.19,3,target
500,1450,0.618,3,off-target
500,1450,0.974,3,target
500,0,0.117,4,off-target
500,0,0.683,4,target
500,1450,0.913,4,off-target
500,1450,0.91,4,target
500,0,0.098,5,off-target
500,0,0.062,5,target
500,1450,0.588,5,off-target
500,1450,0.236,5,target
500,0,0.322,6,off-target
500,0,0.54,6,target
500,1450,0.857,6,off-target
500,1450,0.148,6,target
500,0,0.578,7,off-target
500,0,0.646,7,target
500,1450,0.309,7,off-target
500,1450,0.675,7,target
500,0,0.219,8,off-target
500,0,0.703,8,target
500,1450,0.323,8,off-target
500,1450,0.758,8,target
500,0,0.412,9,off-target
500,0,0.449,9,target
500,1450,0.158,9,off-target
500,1450,0.557,9,target
500,0,0.538,10,off-target
500,0,0.829,10,target
500,1450,0.652,10,off-target
500,1450,0.198,10,target
500,0,0.621,11,off-target
500,0,0.933,11,target
500,1450,0.139,11,off-target
500,1450,0.974,11,target
500,0,0.711,12,off-target
500,0,0.959,12,target
500,1450,0.291,12,off-target
500,1450,0.09,12,target
500,0,0.434,13,off-target
500,0,0.596,13,target
500,1450,0.918,13,off-target
500,1450,0.009,13,target
500,0,0.336,14,off-target
500,0,0.547,14,target
500,1450,0.016,14,off-target
500,1450,0.645,14,target
500,0,0.65,15,off-target
500,0,0.98,15,target
500,1450,0.484,15,off-target
500,1450,0.482,15,target
500,0,0.404,16,off-target
500,0,0.794,16,target
500,1450,0.719,16,off-target
500,1450,0.684,16,target
500,0,0.007,17,off-target
500,0,0.17,17,target
500,1450,0.114,17,off-target
500,1450,0.096,17,target
500,0,0.789,18,off-target
500,0,0.795,18,target
500,1450,0.847,18,off-target
500,1450,0.516,18,target
500,0,0.231,19,off-target
500,0,0.94,19,target
500,1450,0.963,19,off-target
500,1450,0.412,19,target
500,0,0.819,20,off-target
500,0,0.697,20,target
500,1450,0.611,20,off-target
500,1450,0.377,20,target
500,0,0.089,21,off-target
500,0,0.051,21,target
500,1450,0.411,21,off-target
500,1450,0.631,21,target
500,0,0.948,22,off-target
500,0,0.706,22,target
500,1450,0.41,22,off-target
500,1450,0.793,22,target
500,0,0.064,23,off-target
500,0,0.552,23,target
500,1450,0.981,23,off-target
500,1450,0.046,23,target
500,0,0.616,24,off-target
500,0,0.19,24,target
500,1450,0.211,24,off-target
500,1450,0.929,24,target
500,0,0.886,25,off-target
500,0,0.66,25,target
500,1450,0.026,25,off-target
500,1450,0.259,25,target
500,0,0.501,26,off-target
500,0,0.556,26,target
500,1450,0.128,26,off-target
500,1450,0.126,26,target
500,0,0.931,27,off-target
500,0,0.812,27,target
500,1450,0.497,27,off-target
500,1450,0.565,27,target
500,0,0.963,28,off-target
500,0,0.975,28,target
500,1450,0.918,28,off-target
500,1450,0.719,28,target
500,0,0.107,29,off-target
500,0,0.862,29,target
500,1450,0.627,29,off-target
500,1450,0.206,29,target
500,0,0.35,30,off-target
500,0,0.887,30,target
500,1450,0.123,30,off-target
500,1450,0.451,30,target
500,0,0.824,31,off-target
500,0,0.515,31,target
500,1450,0.501,31,off-target
500,1450,0.199,31,target
500,0,0.032,32,off-target
500,0,0.003,32,target
500,1450,0.277,32,off-target
500,1450,0.702,32,target
500,0,0.652,33,off-target
500,0,0.927,33,target
500,1450,0.637,33,off-target
500,1450,0.332,33,target
500,0,0.493,34,off-target
500,0,0.31,34,target
500,1450,0.205,34,off-target
500,1450,0.856,34,target
500,0,0.851,35,off-target
500,0,0.602,35,target
500,1450,0.107,35,off-target
500,1450,0.765,35,target
500,0,0.059,36,off-target
500,0,0.663,36,target
500,1450,0.974,36,off-target
500,1450,0.672,36,target
500,0,0.518,37,off-target
500,0,0.863,37,target
500,1450,0.664,37,off-target
500,1450,0.392,37,target
500,0,0.575,38,off-target
500,0,0.068,38,target
500,1450,0.496,38,off-target
500,1450,0.917,38,target
500,0,0.568,39,off-target
500,0,0.32,39,target
500,1450,0.727,39,off-target
500,1450,0.553,39,target
500,0,0.115,40,off-target
500,0,0.673,40,target
500,1450,0.195,40,off-target
500,1450,0.79,40,target
500,0,0.063,41,off-target
500,0,0.241,41,target
500,1450,0.542,41,off-target
500,1450,0.247,41,target
500,0,0.313,42,off-target
500,0,0.769,42,target
500,1450,0.905,42,off-target
500,1450,0.566,42,target
500,0,0.392,43,off-target
500,0,0.214,43,target
500,1450,0.889,43,off-target
500,1450,0.031,43,target
500,0,0.371,44,off-target
500,0,0.212,44,target
500,1450,0.717,44,off-target
500,1450,0.327,44,target
500,0,0.606,45,off-target
500,0,0.297,45,target
500,1450,0.879,45,off-target
500,1450,0.03,45,target
500,0,0.681,46,off-target
500,0,0.462,46,target
500,1450,0.433,46,off-target
500,1450,0.985,46,target
500,0,0.579,47,off-target
500,0,0.966,47,target
500,1450,0.513,47,off-target
500,1450,0.906,47,target
500,0,0.326,48,off-target
500,0,0.278,48,target
500,1450,0.566,48,off-target
500,1450,0.103,48,target
500,0,0.476,49,off-target
500,0,0.241,49,target
500,1450,0.263,49,off-target
500,1450,0.271,49,target
500,0,0.256,50,off-target
500,0,0.96,50,target
500,1450,0.366,50,off-target
500,1450,0.06,50,target
500,0,0.933,51,off-target
500,0,0.761,51,target
500,1450,0.425,51,off-target
500,1450,0.573,51,target
500,0,0.53,52,off-target
500,0,0.595,52,target
500,1450,0.331,52,off-target
500,1450,0.564,52,target
500,0,0.557,53,off-target
500,0,0.553,53,target
500,1450,0.621,53,off-target
500,1450,0.655,53,target
500,0,0.985,54,off-target
500,0,0.266,54,target
500,1450,0.298,54,off-target
500,1450,0.312,54,target
500,0,0.553,55,off-target
500,0,0.258,55,target
500,1450,0.527,55,off-target
500,1450,0.153,55,target
500,0,0.931,56,off-target
500,0,0.59,56,target
500,1450,0.921,56,off-target
500,1450,0.212,56,target
500,0,0.101,57,off-target
500,0,0.171,57,target
500,1450,0.898,57,off-target
500,1450,0.19,57,target
500,0,0.395,58,off-target
500,0,0.002,58,target
500,1450,0.553,58,off-target
500,1450,0.807,58,target
500,0,0.875,59,off-target
500,0,0.439,59,target
500,1450,0.9,59,off-target
500,1450,0.701,59,target
500,0,0.873,60,off-target
500,0,0.758,60,target
500,1450,0.375,60,off-target
500,1450,0.897,60,target
500,0,0.508,61,off-target
500,0,0.241,61,target
500,1450,0.599,61,off-target
500,1450,0.374,61,target
500,0,0.326,62,off-target
500,0,0.555,62,target
500,1450,0.343,62,off-target
500,1450,0.337,62,target
500,0,0.343,63,off-target
500,0,0.562,63,target
500,1450,0.455,63,off-target
500,1450,0.819,63,target
500,0,0.949,64,off-target
500,0,0.254,64,target
500,1450,0.968,64,off-target
500,1450,0.93,64,target
500,0,0.069,65,off-target
500,0,0.64,65,target
500,1450,0.989,65,off-target
500,1450,0.717,65,target
500,0,0.306,66,off-target
500,0,0.933,66,target
500,1450,0.828,66,off-target
500,1450,0.137,66,target
500,0,0.177,67,off-target
500,0,0.344,67,target
500,1450,0.673,67,off-target
500,1450,0.67,67,target
500,0,0.583,68,off-target
500,0,0.856,68,target
500,1450,0.836,68,off-target
500,1450,0.681,68,target
500,0,0.607,69,off-target
500,0,0.373,69,target
500,1450,0.191,69,off-target
500,1450,0.008,69,target
500,0,0.925,70,off-target
500,0,0.731,70,target
500,1450,0.064,70,off-target
500,1450,0.485,70,target
500,0,0.761,71,off-target
500,0,0.19,71,target
500,1450,0.135,71,off-target
500,1450,0.742,71,target
500,0,0.152,72,off-target
500,0,0.141,72,target
500,1450,0.088,72,off-target
500,1450,0.064,72,target
500,0,0.228,73,off-target
500,0,0.267,73,target
500,1450,0.594,73,off-target
500,1450,0.784,73,target
500,0,0.878,74,off-target
500,0,0.702,74,target
500,1450,0.021,74,off-target
500,1450,0.369,74,target
500,0,0.059,75,off-target
500,0,0.738,75,target
500,1450,0.368,75,off-target
500,1450,0.01,75,target
500,0,0.979,76,off-target
500,0,0.503,76,target
500,1450,0.28,76,off-target
500,1450,0.12,76,target
500,0,0.113,77,off-target
500,0,0.243,77,target
500,1450,0.398,77,off-target
500,1450,0.086,77,target
500,0,0.834,78,off-target
500,0,0.6,78,target
500,1450,0.652,78,off-target
500,1450,0.452,78,target
500,0,0.833,79,off-target
500,0,0.634,79,target
500,1450,0.632,79,off-target
500,1450,0.505,79,target
500,0,0.121,80,off-target
500,0,0.417,80,target
500,1450,0.638,80,off-target
500,1450,0.14,80,target
500,0,0.567,81,off-target
500,0,0.509,81,target
500,1450,0.457,81,off-target
500,1450,0.631,81,target
500,0,0.909,82,off-target
500,0,0.33,82,target
500,1450,0.252,82,off-target
500,1450,0.921,82,target
500,0,0.757,83,off-target
500,0,0.648,83,target
500,1450,0.443,83,off-target
500,1450,0.492,83,target
500,0,0.1,84,off-target
500,0,0.738,84,target
500,1450,0.692,84,off-target
500,1450,0.403,84,target
500,0,0.229,85,off-target
500,0,0.165,85,target
500,1450,0.336,85,off-target
500,1450,0.021,85,target
500,0,0.574,86,off-target
500,0,0.001,86,target
500,1450,0.576,86,off-target
500,1450,0.53,86,target
500,0,0.38,87,off-target
500,0,0.83,87,target
500,1450,0.219,87,off-target
500,1450,0.458,87,target
500,0,0.012,88,off-target
500,0,0.313,88,target
500,1450,0.059,88,off-target
500,1450,0.395,88,target
500,0,0.917,89,off-target
500,0,0.868,89,target
500,1450,0.147,89,off-target
500,1450,0.518,89,target
500,0,0.369,90,off-target
500,0,0.279,90,target
500,1450,0.391,90,off-target
500,1450,0.965,90,target
500,0,0.658,91,off-target
500,0,0.03,91,target
500,1450,0.078,91,off-target
500,1450,0.103,91,target
500,0,0.301,92,off-target
500,0,0.606,92,target
500,1450,0.518,92,off-target
500,1450,0.441,92,target
500,0,0.551,93,off-target
500,0,0.331,93,target
500,1450,0.624,93,off-target
500,1450,0.412,93,target
500,0,0.349,94,off-target
500,0,0.193,94,target
500,1450,0.486,94,off-target
500,1450,0.912,94,target
500,0,0.578,95,off-target
500,0,0.592,95,target
500,1450,0.5,95,off-target
500,1450,0.571,95,target
500,0,0.325,96,off-target
500,0,0.197,96,target
500,1450,0.724,96,off-target
500,1450,0.701,96,target
500,0,0.38,97,off-target
500,0,0.216,97,target
500,1450,0.337,97,off-target
500,1450,0.853,97,target
500,0,0.288,98,off-target
500,0,0.668,98,target
500,1450,0.569,98,off-target
500,1450,0.899,98,target
500,0,0.492,99,off-target
500,0,0.231,99,target
500,1450,0.304,99,off-target
500,1450,0.33,99,target
500,0,0.578,100,off-target
500,0,0.846,100,target
500,1450,0.066,100,off-target
500,1450,0.71,100,target
500,0,0.543,101,off-target
500,0,0.46,101,target
500,1450,0.285,101,off-target
500,1450,0.839,101,target
500,0,0.921,102,off-target
500,0,0.723,102,target
500,1450,0.209,102,off-target
500,1450,0.635,102,target
500,0,0.758,103,off-target
500,0,0.802,103,target
500,1450,0.103,103,off-target
500,1450,0.382,103,target
500,0,0.142,104,off-target
500,0,0.76,104,target
500,1450,0.539,104,off-target
500,1450,0.359,104,target
500,0,0.452,105,off-target
500,0,0.405,105,target
500,1450,0.655,105,off-target
500,1450,0.737,105,target
500,0,0.478,106,off-target
500,0,0.861,106,target
500,1450,0.354,106,off-target
500,1450,0.672,106,target
500,0,0.873,107,off-target
500,0,0.33,107,target
500,1450,0.318,107,off-target
500,1450,0.476,107,target
500,0,0.657,108,off-target
500,0,0.738,108,target
500,1450,0.138,108,off-target
500,1450,0.123,108,target
500,0,0.933,109,off-target
500,0,0.107,109,target
500,1450,0.679,109,off-target
500,1450,0.253,109,target
500,0,0.099,110,off-target
500,0,0.614,110,target
500,1450,0.679,110,off-target
500,1450,0.928,110,target
500,0,0.204,111,off-target
500,0,0.071,111,target
500,1450,0.085,111,off-target
500,1450,0.299,111,target
500,0,0.494,112,off-target
500,0,0.669,112,target
500,1450,0.987,112,off-target
500,1450,0.031,112,target
500,0,0.637,113,off-target
500,0,0.721,113,target
500,1450,0.19,113,off-target
500,1450,0.479,113,target
500,0,0.762,114,off-target
500,0,0.503,114,target
500,1450,0.935,114,off-target
500,1450,0.241,114,target
500,0,0.141,115,off-target
500,0,0.201,115,target
500,1450,0.023,115,off-target
500,1450,0.992,115,target
500,0,0.652,116,off-target
500,0,0.608,116,target
500,1450,0.662,116,off-target
500,1450,0.913,116,target
500,0,0.833,117,off-target
500,0,0.763,117,target
500,1450,0.372,117,off-target
500,1450,0.837,117,target
500,0,0.726,118,off-target
500,0,0.821,118,target
500,1450,0.991,118,off-target
500,1450,0.563,118,target
500,0,0.773,119,off-target
500,0,0.72,119,target
500,1450,0.522,119,off-target
500,1450,0.468,119,target
500,0,0.127,120,off-target
500,0,0.244,120,target
500,1450,0.126,120,off-target
500,1450,0.304,120,target
500,0,0.654,121,off-target
500,0,0.242,121,target
500,1450,0.404,121,off-target
500,1450,0.115,121,target
500,0,0.429,122,off-target
500,0,0.736,122,target
500,1450,0.238,122,off-target
500,1450,0.537,122,target
500,0,0.152,123,off-target
500,0,0.873,123,target
500,1450,0.685,123,off-target
500,1450,0.93,123,target
500,0,0.431,124,off-target
500,0,0.053,124,target
500,1450,0.515,124,off-target
500,1450,0.613,124,target
500,0,0.912,125,off-target
500,0,0.829,125,target
500,1450,0.497,125,off-target
500,1450,0.059,125,target
500,0,0.698,126,off-target
500,0,0.991,126,target
500,1450,0.654,126,off-target
500,1450,0.929,126,target
500,0,0.934,127,off-target
500,0,0.075,127,target
500,1450,0.254,127,off-target
500,1450,0.953,127,target
500,0,0.556,128,off-target
500,0,0.022,128,target
500,1450,0.879,128,off-target
500,1450,0.99,128,target
500,0,0.467,129,off-target
500,0,0.484,129,target
500,1450,0.31,129,off-target
500,1450,0.967,129,target
500,0,0.726,130,off-target
500,0,0.757,130,target
500,1450,0.636,130,off-target
500,1450,0.572,130,target
500,0,0.324,131,off-target
500,0,0.64,131,target
500,1450,0.472,131,off-target
500,1450,0.123,131,target
500,0,0.652,132,off-target
500,0,0.914,132,target
500,1450,0.159,132,off-target
500,1450,0.656,132,target
500,0,0.106,133,off-target
500,0,0.442,133,target
500,1450,0.901,133,off-target
500,1450,0.582,133,target
500,0,0.408,134,off-target
500,0,0.503,134,target
500,1450,0.331,134,off-target
500,1450,0.148,134,target
500,0,0.583,135,off-target
500,0,0.861,135,target
500,1450,0.571,135,off-target
500,1450,0.617,135,target
500,0,0.566,136,off-target
500,0,0.908,136,target
500,1450,0.725,136,off-target
500,1450,0.461,136,target
500,0,0.125,137,off-target
500,0,0.143,137,target
500,1450,0.953,137,off-target
500,1450,0.934,137,target
500,0,0.687,138,off-target
500,0,0.83,138,target
500,1450,0.882,138,off-target
500,1450,0.5,138,target
500,0,0.574,139,off-target
500,0,0.997,139,target
500,1450,0.637,139,off-target
500,1450,0.186,139,target
500,0,0.902,140,off-target
500,0,0.999,140,target
500,1450,0.253,140,off-target
500,1450,0.822,140,target
500,0,0.993,141,off-target
500,0,0.5,141,target
500,1450,0.852,141,off-target
500,1450,0.235,141,target
500,0,0.267,142,off-target
500,0,0.634,142,target
500,1450,0.43,142,off-target
500,1450,0.355,142,target
500,0,0.834,143,off-target
500,0,0.57,143,target
500,1450,0.659,143,off-target
500,1450,0.162,143,target
500,0,0.966,144,off-target
500,0,0.938,144,target
500,1450,0.38,144,off-target
500,1450,0.556,144,target
500,0,0.826,145,off-target
500,0,0.227,145,target
500,1450,0.25,145,off-target
500,1450,0.297,145,target
500,0,0.995,146,off-target
500,0,0.241,146,target
500,1450,0.526,146,off-target
500,1450,0.143,146,target
500,0,0.26,147,off-target
500,0,0.253,147,target
500,1450,0.462,147,off-target
500,1450,0.721,147,target
500,0,0.67,148,off-target
500,0,0.191,148,target
500,1450,0.522,148,off-target
500,1450,0.432,148,target
500,0,0.97,149,off-target
500,0,0.98,149,target
500,1450,0.383,149,off-target
500,1450,0.957,149,target
500,0,0.036,150,off-target
500,0,0.75,150,target
500,1450,0.816,150,off-target
500,1450,0.918,150,target
500,0,0.396,151,off-target
500,0,0.054,151,target
500,1450,0.985,151,off-target
500,1450,0.167,151,target
500,0,0.943,152,off-target
500,0,0.275,152,target
500,1450,0.844,152,off-target
500,1450,0.79,152,target
500,0,0.983,153,off-target
500,0,0.693,153,target
500,1450,0.596,153,off-target
500,1450,0.45,153,target
500,0,0.895,154,off-target
500,0,0.562,154,target
500,1450,0.589,154,off-target
500,1450,0.302,154,target
500,0,0.927,155,off-target
500,0,0.141,155,target
500,1450,0.417,155,off-target
500,1450,0.612,155,target
500,0,0.01,156,off-target
500,0,0.472,156,target
500,1450,0.618,156,off-target
500,1450,0.758,156,target
500,0,0.571,157,off-target
500,0,0.295,157,target
500,1450,0.773,157,off-target
500,1450,0.248,157,target
500,0,0.859,158,off-target
500,0,0.457,158,target
500,1450,0.909,158,off-target
500,1450,0.907,158,target
500,0,0.767,159,off-target
500,0,0.74,159,target
500,1450,0.152,159,off-target
500,1450,0.309,159,target
500,0,0.331,160,off-target
500,0,0.495,160,target
500,1450,0.31,160,off-target
500,1450,0.265,160,target
500,0,0.051,161,off-target
500,0,0.316,161,target
500,1450,0.77,161,off-target
500,1450,0.608,161,target
500,0,0.274,162,off-target
500,0,0.016,162,target
500,1450,0.656,162,off-target
500,1450,0.859,162,target
500,0,0.232,163,off-target
500,0,0.691,163,target
500,1450,0.908,163,off-target
500,1450,0.896,163,target
500,0,0.21,164,off-target
500,0,0.431,164,target
500,1450,0.982,164,off-target
500,1450,0.662,164,target
500,0,0.892,165,off-target
500,0,0.335,165,target
500,1450,0.078,165,off-target
500,1450,0.506,165,target
500,0,0.443,166,off-target
500,0,0.197,166,target
500,1450,0.928,166,off-target
500,1450,0.219,166,target
500,0,0.917,167,off-target
500,0,0.331,167,target
500,1450,0.421,167,off-target
500,1450,0.134,167,target
500,0,0.131,168,off-target
500,0,0.783,168,target
500,1450,0.89,168,off-target
500,1450,0.285,168,target
500,0,0.151,169,off-target
500,0,0.784,169,target
500,1450,0.709,169,off-target
500,1450,0.31,169,target
500,0,0.808,170,off-target
500,0,0.859,170,target
500,1450,0.834,170,off-target
500,1450,0.012,170,target
500,0,0.961,171,off-target
500,0,0.63,171,target
500,1450,0.832,171,off-target
500,1450,0.89,171,target
500,0,0.9,172,off-target
500,0,0.332,172,target
500,1450,0.018,172,off-target
500,1450,0.117,172,target
500,0,0.545,173,off-target
500,0,0.546,173,target
500,1450,0.017,173,off-target
500,1450,0.03,173,target
500,0,0.506,174,off-target
500,0,0.65,174,target
500,1450,0.787,174,off-target
500,1450,0.305,174,target
500,0,0.201,175,off-target
500,0,0.447,175,target
500,1450,0.648,175,off-target
500,1450,0.069,175,target
500,0,0.73,176,off-target
500,0,0.36,176,target
500,1450,0.741,176,off-target
500,1450,0.345,176,target
500,0,0.106,177,off-target
500,0,0.026,177,target
500,1450,0.73,177,off-target
500,1450,0.333,177,target
500,0,0.073,178,off-target
500,0,0.441,178,target
500,1450,0.569,178,off-target
500,1450,0.281,178,target
500,0,0.653,179,off-target
500,0,0.765,179,target
500,1450,0.766,179,off-target
500,1450,0.57,179,target
500,0,0.966,180,off-target
500,0,0.671,180,target
500,1450,0.403,180,off-target
500,1450,0.277,180,target
500,0,0.749,181,off-target
500,0,0.972,181,target
500,1450,0.869,181,off-target
500,1450,0.654,181,target
500,0,0.714,182,off-target
500,0,0.572,182,target
500,1450,0.555,182,off-target
500,1450,0.235,182,target
500,0,0.115,183,off-target
500,0,0.946,183,target
500,1450,0.43,183,off-target
500,1450,0.008,183,target
500,0,0.804,184,off-target
500,0,0.395,184,target
500,1450,0.411,184,off-target
500,1450,0.404,184,target
500,0,0.027,185,off-target
500,0,0.653,185,target
500,1450,0.737,185,off-target
500,1450,0.293,185,target
500,0,0.202,186,off-target
500,0,0.765,186,target
500,1450,0.517,186,off-target
500,1450,0.549,186,target
500,0,0.582,187,off-target
500,0,0.058,187,target
500,1450,0.075,187,off-target
500,1450,0.143,187,target
500,0,0.516,188,off-target
500,0,0.303,188,target
500,1450,0.415,188,off-target
500,1450,0.266,188,target
500,0,0.084,189,off-target
500,0,0.21,189,target
500,1450,0.823,189,off-target
500,1450,0.439,189,target
500,0,0.43,190,off-target
500,0,0.858,190,target
500,1450,0.458,190,off-target
500,1450,0.95,190,target
500,0,0.39,191,off-target
500,0,0.954,191,target
500,1450,0.41,191,off-target
500,1450,0.852,191,target
500,0,0.813,192,off-target
500,0,0.048,192,target
500,1450,0.235,192,off-target
500,1450,0.657,192,target
500,0,0.087,193,off-target
500,0,0.271,193,target
500,1450,0.48,193,off-target
500,1450,0.79,193,target
500,0,0.288,194,off-target
500,0,0.586,194,target
500,1450,0.805,194,off-target
500,1450,0.491,194,target
500,0,0.151,195,off-target
500,0,0.595,195,target
500,1450,0.387,195,off-target
500,1450,0.325,195,target
500,0,0.395,196,off-target
500,0,0.035,196,target
500,1450,0.545,196,off-target
500,1450,0.23,196,target
500,0,0.277,197,off-target
500,0,0.754,197,target
500,1450,0.145,197,off-target
500,1450,0.784,197,target
500,0,0.974,198,off-target
500,0,0.71,198,target
500,1450,0.686,198,off-target
500,1450,0.056,198,target
500,0,0.255,199,off-target
500,0,0.682,199,target
500,1450,0.749,199,off-target
500,1450,0.007,199,target
500,0,0.96,200,off-target
500,0,0.406,200,target
500,1450,0.99,200,off-target
500,1450,0.956,200,target
500,0,0.266,201,off-target
500,0,0.396,201,target
500,1450,0.854,201,off-target
500,1450,0.758,201,target
500,0,0.008,202,off-target
500,0,0.805,202,target
500,1450,0.094,202,off-target
500,1450,0.828,202,target
500,0,0.381,203,off-target
500,0,0.769,203,target
500,1450,0.888,203,off-target
500,1450,0.551,203,target
500,0,0.059,204,off-target
500,0,0.742,204,target
500,1450,0.878,204,off-target
500,1450,0.248,204,target
500,0,0.334,205,off-target
500,0,0.302,205,target
500,1450,0.312,205,off-target
500,1450,0.407,205,target
500,0,0.403,206,off-target
500,0,0.685,206,target
500,1450,0.299,206,off-target
500,1450,0.017,206,target
500,0,0.783,207,off-target
500,0,0.12,207,target
500,1450,0.474,207,off-target
500,1450,0.976,207,target
500,0,0.184,208,off-target
500,0,0.048,208,target
500,1450,0.053,208,off-target
500,1450,0.279,208,target
500,0,0.115,209,off-target
500,0,0.352,209,target
500,1450,0.119,209,off-target
500,1450,0.628,209,target
500,0,0.428,210,off-target
500,0,0.938,210,target
500,1450,0.842,210,off-target
500,1450,0.307,210,target
500,0,0.407,211,off-target
500,0,0.06,211,target
500,1450,0.902,211,off-target
500,1450,0.382,211,target
500,0,0.107,212,off-target
500,0,0.258,212,target
500,1450,0.594,212,off-target
500,1450,0.259,212,target
500,0,0.637,213,off-target
500,0,0.825,213,target
500,1450,0.445,213,off-target
500,1450,0.061,213,target
500,0,0.828,214,off-target
500,0,0.867,214,target
500,1450,0.908,214,off-target
500,1450,0.476,214,target
500,0,0.463,215,off-target
500,0,0.631,215,target
500,1450,0.583,215,off-target
500,1450,0.078,215,target
500,0,0.137,216,off-target
500,0,0.065,216,target
500,1450,0.291,216,off-target
500,1450,0.919,216,target
500,0,0.477,217,off-target
500,0,0.479,217,target
500,1450,0.361,217,off-target
500,1450,0.948,217,target
500,0,0.9,218,off-target
500,0,0.881,218,target
500,1450,0.716,218,off-target
500,1450,0.222,218,target
500,0,0.204,219,off-target
500,0,0.705,219,target
500,1450,0.963,219,off-target
500,1450,0.423,219,target
500,0,0.185,220,off-target
500,0,0.436,220,target
500,1450,0.986,220,off-target
500,1450,0.559,220,target
500,0,0.975,221,off-target
500,0,0.509,221,target
500,1450,0.651,221,off-target
500,1450,0.788,221,target
500,0,0.381,222,off-target
500,0,0.611,222,target
500,1450,0.695,222,off-target
500,1450,0.5,222,target
500,0,0.014,223,off-target
500,0,0.531,223,target
500,1450,0.882,223,off-target
500,1450,0.526,223,target
500,0,0.999,224,off-target
500,0,0.339,224,target
500,1450,0.451,224,off-target
500,1450,0.689,224,target
500,0,0.365,225,off-target
500,0,0.806,225,target
500,1450,0.248,225,off-target
500,1450,0.194,225,target
500,0,0.926,226,off-target
500,0,0.394,226,target
500,1450,0.49,226,off-target
500,1450,0.671,226,target
500,0,0.277,227,off-target
500,0,0.901,227,target
500,1450,0.217,227,off-target
500,1450,0.155,227,target
500,0,0.61,228,off-target
500,0,0.755,228,target
500,1450,0.414,228,off-target
500,1450,0.805,228,target
500,0,0.818,229,off-target
500,0,0.273,229,target
500,1450,0.025,229,off-target
500,1450,0.894,229,target
500,0,0.198,230,off-target
500,0,0.473,230,target
500,1450,0.455,230,off-target
500,1450,0.625,230,target
500,0,0.61,231,off-target
500,0,0.356,231,target
500,1450,0.02,231,off-target
500,1450,0.081,231,target
500,0,0.794,232,off-target
500,0,0.546,232,target
500,1450,0.864,232,off-target
500,1450,0.274,232,target
500,0,0.191,233,off-target
500,0,0.302,233,target
500,1450,0.035,233,off-target
500,1450,0.889,233,target
500,0,0.657,234,off-target
500,0,0.627,234,target
500,1450,0.001,234,off-target
500,1450,0.367,234,target
500,0,0.725,235,off-target
500,0,0.006,235,target
500,1450,0.39,235,off-target
500,1450,0.365,235,target
500,0,0.693,236,off-target
500,0,0.029,236,target
500,1450,0.505,236,off-target
500,1450,0.091,236,target
500,0,0.349,237,off-target
500,0,0.733,237,target
500,1450,0.147,237,off-target
500,1450,0.005,237,target
500,0,0.287,238,off-target
500,0,0.995,238,target
500,1450,0.964,238,off-target
500,1450,0.449,238,target
500,0,0.221,239,off-target
500,0,0.602,239,target
500,1450,0.245,239,off-target
500,1450,0.489,239,target
500,0,0.511,240,off-target
500,0,0.38,240,target
500,1450,0.288,240,off-target
500,1450,0.177,240,target
500,0,0.494,241,off-target
500,0,0.483,241,target
500,1450,0.21,241,off-target
500,1450,0.819,241,target
500,0,0.873,242,off-target
500,0,0.706,242,target
500,1450,0.269,242,off-target
500,1450,0.334,242,target
500,0,0.409,243,off-target
500,0,0.875,243,target
500,1450,0.511,243,off-target
500,1450,0.343,243,target
500,0,0.257,244,off-target
500,0,0.237,244,target
500,1450,0.278,244,off-target
500,1450,0.466,244,target
500,0,0.294,245,off-target
500,0,0.708,245,target
500,1450,0.382,245,off-target
500,1450,0.766,245,target
500,0,0.327,246,off-target
500,0,0.907,246,target
500,1450,0.741,246,off-target
500,1450,0.692,246,target
500,0,0.93,247,off-target
500,0,0.246,247,target
500,1450,0.141,247,off-target
500,1450,0.205,247,target
500,0,0.233,248,off-target
500,0,0.016,248,target
500,1450,0.106,248,off-target
500,1450,0.201,248,target
500,0,0.066,249,off-target
500,0,0.611,249,target
500,1450,0.132,249,off-target
500,1450,0.589,249,target
500,0,0.821,250,off-target
500,0,0.276,250,target
500,1450,0.849,250,off-target
500,1450,0.325,250,target
500,0,0.714,251,off-target
500,0,0.698,251,target
500,1450,0.365,251,off-target
500,1450,0.978,251,target
500,0,0.473,252,off-target
500,0,0.057,252,target
500,1450,0.566,252,off-target
500,1450,0.697,252,target
500,0,0.997,253,off-target
500,0,0.138,253,target
500,1450,0.011,253,off-target
500,1450,0.982,253,target
500,0,0.441,254,off-target
500,0,0.973,254,target
500,1450,0.493,254,off-target
500,1450,0.31,254,target
500,0,0.304,255,off-target
500,0,0.36,255,target
500,1450,0.267,255,off-target
500,1450,0.644,255,target
500,0,0.245,256,off-target
500,0,0.348,256,target
500,1450,0.235,256,off-target
500,1450,0.117,256,target
500,0,0.17,257,off-target
500,0,0.646,257,target
500,1450,0.052,257,off-target
500,1450,0.251,257,target
500,0,0.18,258,off-target
500,0,0.688,258,target
500,1450,0.46,258,off-target
500,1450,0.532,258,target
500,0,0.028,259,off-target
500,0,0.813,259,target
500,1450,0.914,259,off-target
500,1450,0.669,259,target
500,0,0.549,260,off-target
500,0,0.041,260,target
500,1450,0.672,260,off-target
500,1450,0.566,260,target
500,0,0.375,261,off-target
500,0,0.044,261,target
500,1450,0.888,261,off-target
500,1450,0.423,261,target
500,0,0.753,262,off-target
500,0,0.741,262,target
500,1450,0.532,262,off-target
500,1450,0.769,262,target
500,0,0.078,263,off-target
500,0,0.42,263,target
500,1450,0.14,263,off-target
500,1450,0.919,263,target
500,0,0.303,264,off-target
500,0,0.183,264,target
500,1450,0.896,264,off-target
500,1450,0.175,264,target
500,0,0.157,265,off-target
500,0,0.043,265,target
500,1450,0.148,265,off-target
500,1450,0.835,265,target
500,0,0.001,266,off-target
500,0,0.425,266,target
500,1450,0.592,266,off-target
500,1450,0.24,266,target
500,0,0.193,267,off-target
500,0,0.556,267,target
500,1450,0.71,267,off-target
500,1450,0.341,267,target
500,0,0.921,268,off-target
500,0,0.572,268,target
500,1450,0.735,268,off-target
500,1450,0.567,268,target
500,0,0.638,269,off-target
500,0,0.038,269,target
500,1450,0.831,269,off-target
500,1450,0.93,269,target
500,0,0.475,270,off-target
500,0,0.919,270,target
500,1450,0.016,270,off-target
500,1450,0.204,270,target
500,0,0.291,271,off-target
500,0,0.555,271,target
500,1450,0.404,271,off-target
500,1450,0.22,271,target
500,0,0.817,272,off-target
500,0,0.573,272,target
500,1450,0.568,272,off-target
500,1450,0.649,272,target
500,0,0.153,273,off-target
500,0,0.482,273,target
500,1450,0.365,273,off-target
500,1450,0.676,273,target
500,0,0.586,274,off-target
500,0,0.509,274,target
500,1450,0.177,274,off-target
500,1450,0.435,274,target
500,0,0.268,275,off-target
500,0,0.683,275,target
500,1450,0.868,275,off-target
500,1450,0.663,275,target
500,0,0.457,276,off-target
500,0,0.777,276,target
500,1450,0.408,276,off-target
500,1450,0.131,276,target
500,0,0.023,277,off-target
500,0,0.974,277,target
500,1450,0.533,277,off-target
500,1450,0.561,277,target
500,0,0.709,278,off-target
500,0,0.278,278,target
500,1450,0.076,278,off-target
500,1450,0.757,278,target
500,0,0.233,279,off-target
500,0,0.733,279,target
500,1450,0.485,279,off-target
500,1450,0.935,279,target
500,0,0.695,280,off-target
500,0,0.48,280,target
500,1450,0.849,280,off-target
500,1450,0.234,280,target
500,0,0.711,281,off-target
500,0,0.669,281,target
500,1450,0.335,281,off-target
500,1450,0.214,281,target
500,0,0.0,282,off-target
500,0,0.516,282,target
500,1450,0.181,282,off-target
500,1450,0.731,282,target
500,0,0.466,283,off-target
500,0,0.925,283,target
500,1450,0.933,283,off-target
500,1450,0.561,283,target
500,0,0.655,284,off-target
500,0,0.006,284,target
500,1450,0.46,284,off-target
500,1450,0.016,284,target
500,0,0.927,285,off-target
500,0,0.698,285,target
500,1450,0.45,285,off-target
500,1450,0.792,285,target
500,0,0.933,286,off-target
500,0,0.547,286,target
500,1450,0.658,286,off-target
500,1450,0.024,286,target
500,0,0.828,287,off-target
500,0,0.747,287,target
500,1450,0.683,287,off-target
500,1450,0.585,287,target
500,0,0.996,288,off-target
500,0,0.581,288,target
500,1450,0.627,288,off-target
500,1450,0.016,288,target
500,0,0.641,289,off-target
500,0,0.708,289,target
500,1450,0.241,289,off-target
500,1450,0.038,289,target
500,0,0.762,290,off-target
500,0,0.793,290,target
500,1450,0.716,290,off-target
500,1450,0.826,290,target
500,0,0.142,291,off-target
500,0,0.709,291,target
500,1450,0.511,291,off-target
500,1450,0.314,291,target
500,0,0.915,292,off-target
500,0,0.751,292,target
500,1450,0.065,292,off-target
500,1450,0.186,292,target
500,0,0.842,293,off-target
500,0,0.945,293,target
500,1450,0.677,293,off-target
500,1450,0.671,293,target
500,0,0.12,294,off-target
500,0,0.38,294,target
500,1450,0.07,294,off-target
500,1450,0.981,294,target
500,0,0.196,295,off-target
500,0,0.647,295,target
500,1450,0.913,295,off-target
500,1450,0.752,295,target
500,0,0.616,296,off-target
500,0,0.571,296,target
500,1450,0.52,296,off-target
500,1450,0.833,296,target
500,0,0.178,297,off-target
500,0,0.013,297,target
500,1450,0.613,297,off-target
500,1450,0.794,297,target
500,0,0.854,298,off-target
500,0,0.115,298,target
500,1450,0.07,298,off-target
500,1450,0.803,298,target
500,0,0.642,299,off-target
500,0,0.697,299,target
500,1450,0.56,299,off-target
500,1450,0.715,299,target
500,0,0.391,300,off-target
500,0,0.913,300,target
500,1450,0.778,300,off-target
500,1450,0.462,300,target
500,0,0.755,301,off-target
500,0,0.781,301,target
500,1450,0.714,301,off-target
500,1450,0.237,301,target
500,0,0.726,302,off-target
500,0,0.051,302,target
500,1450,0.563,302,off-target
500,1450,0.911,302,target
500,0,0.299,303,off-target
500,0,0.179,303,target
500,1450,0.166,303,off-target
500,1450,0.942,303,target
500,0,0.395,304,off-target
500,0,0.674,304,target
500,1450,0.553,304,off-target
500,1450,0.152,304,target
500,0,0.856,305,off-target
500,0,0.885,305,target
500,1450,0.3,305,off-target
500,1450,0.754,305,target
500,0,0.227,306,off-target
500,0,0.188,306,target
500,1450,0.167,306,off-target
500,1450,0.482,306,target
500,0,0.951,307,off-target
500,0,0.458,307,target
500,1450,0.082,307,off-target
500,1450,0.125,307,target
500,0,0.142,308,off-target
500,0,0.374,308,target
500,1450,0.322,308,off-target
500,1450,0.062,308,target
500,0,0.9,309,off-target
500,0,0.754,309,target
500,1450,0.2,309,off-target
500,1450,0.101,309,target
500,0,0.359,310,off-target
500,0,0.059,310,target
500,1450,0.508,310,off-target
500,1450,0.99,310,target
500,0,0.898,311,off-target
500,0,0.637,311,target
500,1450,0.763,311,off-target
500,1450,0.441,311,target
500,0,0.801,312,off-target
500,0,0.269,312,target
500,1450,0.06,312,off-target
500,1450,0.288,312,target
500,0,0.016,313,off-target
500,0,0.93,313,target
500,1450,0.011,313,off-target
500,1450,0.079,313,target
500,0,0.842,314,off-target
500,0,0.718,314,target
500,1450,0.783,314,off-target
500,1450,0.985,314,target
500,0,0.605,315,off-target
500,0,0.303,315,target
500,1450,0.367,315,off-target
500,1450,0.768,315,target
500,0,0.458,316,off-target
500,0,0.108,316,target
500,1450,0.915,316,off-target
500,1450,0.245,316,target
500,0,0.197,317,off-target
500,0,0.511,317,target
500,1450,0.473,317,off-target
500,1450,0.333,317,target
500,0,0.145,318,off-target
500,0,0.355,318,target
500,1450,0.841,318,off-target
500,1450,0.843,318,target
500,0,0.269,319,off-target
500,0,0.135,319,target
500,1450,0.982,319,off-target
500,1450,0.288,319,target
500,0,0.674,320,off-target
500,0,0.184,320,target
500,1450,0.864,320,off-target
500,1450,0.054,320,target
500,0,0.76,321,off-target
500,0,0.715,321,target
500,1450,0.997,321,off-target
500,1450,0.615,321,target
500,0,0.729,322,off-target
500,0,0.518,322,target
500,1450,0.558,322,off-target
500,1450,0.331,322,target
500,0,0.332,323,off-target
500,0,0.8,323,target
500,1450,0.736,323,off-target
500,1450,0.093,323,target
500,0,0.634,324,off-target
500,0,0.782,324,target
500,1450,0.108,324,off-target
500,1450,0.202,324,target
500,0,0.902,325,off-target
500,0,0.428,325,target
500,1450,0.143,325,off-target
500,1450,0.203,325,target
500,0,0.653,326,off-target
500,0,0.9,326,target
500,1450,0.792,326,off-target
500,1450,0.011,326,target
500,0,0.956,327,off-target
500,0,0.54,327,target
500,1450,0.828,327,off-target
500,1450,0.962,327,target
500,0,0.752,328,off-target
500,0,0.811,328,target
500,1450,0.837,328,off-target
500,1450,0.747,328,target
500,0,0.386,329,off-target
500,0,0.372,329,target
500,1450,0.051,329,off-target
500,1450,0.659,329,target
500,0,0.948,330,off-target
500,0,0.288,330,target
500,1450,0.981,330,off-target
500,1450,0.485,330,target
500,0,0.151,331,off-target
500,0,0.677,331,target
500,1450,0.692,331,off-target
500,1450,0.916,331,target
500,0,0.361,332,off-target
500,0,0.955,332,target
500,1450,0.155,332,off-target
500,1450,0.202,332,target
500,0,0.539,333,off-target
500,0,0.82,333,target
500,1450,0.002,333,off-target
500,1450,0.325,333,target
500,0,0.781,334,off-target
500,0,0.391,334,target
500,1450,0.216,334,off-target
500,1450,0.812,334,target
500,0,0.407,335,off-target
500,0,0.818,335,target
500,1450,0.871,335,off-target
500,1450,0.612,335,target
500,0,0.535,336,off-target
500,0,0.571,336,target
500,1450,0.249,336,off-target
500,1450,0.837,336,target
500,0,0.242,337,off-target
500,0,0.372,337,target
500,1450,0.176,337,off-target
500,1450,0.821,337,target
500,0,0.16,338,off-target
500,0,0.825,338,target
500,1450,0.392,338,off-target
500,1450,0.732,338,target
500,0,0.477,339,off-target
500,0,0.754,339,target
500,1450,0.299,339,off-target
500,1450,0.063,339,target
500,0,0.522,340,off-target
500,0,0.262,340,target
500,1450,0.073,340,off-target
500,1450,0.391,340,target
500,0,0.976,341,off-target
500,0,0.468,341,target
500,1450,0.962,341,off-target
500,1450,0.674,341,target
500,0,0.664,342,off-target
500,0,0.008,342,target
500,1450,0.237,342,off-target
500,1450,0.659,342,target
500,0,0.972,343,off-target
500,0,0.056,343,target
500,1450,0.207,343,off-target
500,1450,0.546,343,target
500,0,0.79,344,off-target
500,0,0.141,344,target
500,1450,0.984,344,off-target
500,1450,0.117,344,target
500,0,0.018,345,off-target
500,0,0.634,345,target
500,1450,0.503,345,off-target
500,1450,0.012,345,target
500,0,0.378,346,off-target
500,0,0.169,346,target
500,1450,0.147,346,off-target
500,1450,0.532,346,target
500,0,0.632,347,off-target
500,0,0.345,347,target
500,1450,0.528,347,off-target
500,1450,0.917,347,target
500,0,0.603,348,off-target
500,0,0.946,348,target
500,1450,0.784,348,off-target
500,1450,0.887,348,target
500,0,0.925,349,off-target
500,0,0.31,349,target
500,1450,0.177,349,off-target
500,1450,0.54,349,target
500,0,0.023,350,off-target
500,0,0.074,350,target
500,1450,0.907,350,off-target
500,1450,0.518,350,target
500,0,0.389,351,off-target
500,0,0.639,351,target
500,1450,0.046,351,off-target
500,1450,0.044,351,target
500,0,0.577,352,off-target
500,0,0.031,352,target
500,1450,0.128,352,off-target
500,1450,0.378,352,target
500,0,0.692,353,off-target
500,0,0.799,353,target
500,1450,0.343,353,off-target
500,1450,0.714,353,target
500,0,0.243,354,off-target
500,0,0.717,354,target
500,1450,0.686,354,off-target
500,1450,0.601,354,target
500,0,0.659,355,off-target
500,0,0.642,355,target
500,1450,0.471,355,off-target
500,1450,0.8,355,target
500,0,0.466,356,off-target
500,0,0.425,356,target
500,1450,0.012,356,off-target
500,1450,0.429,356,target
500,0,0.675,357,off-target
500,0,0.815,357,target
500,1450,0.351,357,off-target
500,1450,0.132,357,target
500,0,0.753,358,off-target
500,0,0.265,358,target
500,1450,0.905,358,off-target
500,1450,0.808,358,target
500,0,0.413,359,off-target
500,0,0.266,359,target
500,1450,0.347,359,off-target
500,1450,0.679,359,target
500,0,0.676,360,off-target
500,0,0.07,360,target
500,1450,0.788,360,off-target
500,1450,0.798,360,target
500,0,0.416,361,off-target
500,0,0.844,361,target
500,1450,0.193,361,off-target
500,1450,0.921,361,target
500,0,0.826,362,off-target
500,0,0.453,362,target
500,1450,0.382,362,off-target
500,1450,0.084,362,target
500,0,0.346,363,off-target
500,0,0.932,363,target
500,1450,0.617,363,off-target
500,1450,0.036,363,target
500,0,0.667,364,off-target
500,0,0.889,364,target
500,1450,0.143,364,off-target
500,1450,0.255,364,target
500,0,0.24,365,off-target
500,0,0.779,365,target
500,1450,0.663,365,off-target
500,1450,0.576,365,target
500,0,0.508,366,off-target
500,0,0.26,366,target
500,1450,0.783,366,off-target
500,1450,0.834,366,target
500,0,0.061,367,off-target
500,0,0.406,367,target
500,1450,0.964,367,off-target
500,1450,0.394,367,target
500,0,0.465,368,off-target
500,0,0.901,368,target
500,1450,0.306,368,off-target
500,1450,0.353,368,target
500,0,0.323,369,off-target
500,0,0.785,369,target
500,1450,0.33,369,off-target
500,1450,0.757,369,target
500,0,0.735,370,off-target
500,0,0.333,370,target
500,1450,0.24,370,off-target
500,1450,0.913,370,target
500,0,0.725,371,off-target
500,0,0.183,371,target
500,1450,0.979,371,off-target
500,1450,0.525,371,target
500,0,0.627,372,off-target
500,0,0.391,372,target
500,1450,0.858,372,off-target
500,1450,0.766,372,target
500,0,0.077,373,off-target
500,0,0.503,373,target
500,1450,0.774,373,off-target
500,1450,0.371,373,target
500,0,0.768,374,off-target
500,0,0.035,374,target
500,1450,0.107,374,off-target
500,1450,0.346,374,target
500,0,0.394,375,off-target
500,0,0.376,375,target
500,1450,0.685,375,off-target
500,1450,0.084,375,target
500,0,0.718,376,off-target
500,0,0.176,376,target
500,1450,0.921,376,off-target
500,1450,0.436,376,target
500,0,0.817,377,off-target
500,0,0.511,377,target
500,1450,0.067,377,off-target
500,1450,0.52,377,target
500,0,0.247,378,off-target
500,0,0.484,378,target
500,1450,0.338,378,off-target
500,1450,0.539,378,target
500,0,0.414,379,off-target
500,0,0.548,379,target
500,1450,0.704,379,off-target
500,1450,0.847,379,target
500,0,0.142,380,off-target
500,0,0.156,380,target
500,1450,0.102,380,off-target
500,1450,0.029,380,target
500,0,0.323,381,off-target
500,0,0.723,381,target
500,1450,0.546,381,off-target
500,1450,0.929,381,target
500,0,0.656,382,off-target
500,0,0.437,382,target
500,1450,0.215,382,off-target
500,1450,0.273,382,target
500,0,0.449,383,off-target
500,0,0.398,383,target
500,1450,0.649,383,off-target
500,1450,0.427,383,target
500,0,0.124,384,off-target
500,0,0.758,384,target
500,1450,0.476,384,off-target
500,1450,0.986,384,target
500,0,0.961,385,off-target
500,0,0.17,385,target
500,1450,0.651,385,off-target
500,1450,0.126,385,target
500,0,0.275,386,off-target
500,0,0.059,386,target
500,1450,0.564,386,off-target
500,1450,0.911,386,target
500,0,0.782,387,off-target
500,0,0.652,387,target
500,1450,0.938,387,off-target
500,1450,0.774,387,target
500,0,0.606,388,off-target
500,0,0.824,388,target
500,1450,0.473,388,off-target
500,1450,0.278,388,target
500,0,0.982,389,off-target
500,0,0.886,389,target
500,1450,0.036,389,off-target
500,1450,0.922,389,target
500,0,0.14,390,off-target
500,0,0.639,390,target
500,1450,0.297,390,off-target
500,1450,0.701,390,target
500,0,0.248,391,off-target
500,0,0.164,391,target
500,1450,0.251,391,off-target
500,1450,0.627,391,target
500,0,0.529,392,off-target
500,0,0.397,392,target
500,1450,0.788,392,off-target
500,1450,0.95,392,target
500,0,0.952,393,off-target
500,0,0.81,393,target
500,1450,0.939,393,off-target
500,1450,0.467,393,target
500,0,0.724,394,off-target
500,0,0.895,394,target
500,1450,0.693,394,off-target
500,1450,0.403,394,target
500,0,0.404,395,off-target
500,0,0.256,395,target
500,1450,0.007,395,off-target
500,1450,0.967,395,target
500,0,0.73,396,off-target
500,0,0.223,396,target
500,1450,0.745,396,off-target
500,1450,0.487,396,target
500,0,0.416,397,off-target
500,0,0.609,397,target
500,1450,0.786,397,off-target
500,1450,0.109,397,target
500,0,0.37,398,off-target
500,0,0.856,398,target
500,1450,0.294,398,off-target
500,1450,0.487,398,target
500,0,0.842,399,off-target
500,0,0.072,399,target
500,1450,0.046,399,off-target
500,1450,0.384,399,target
500,0,0.535,400,off-target
500,0,0.94,400,target
500,1450,0.957,400,off-target
500,1450,0.052,400,target
500,0,0.835,401,off-target
500,0,0.04,401,target
500,1450,0.049,401,off-target
500,1450,0.616,401,target
500,0,0.681,402,off-target
500,0,0.754,402,target
500,1450,0.642,402,off-target
500,1450,0.2,402,target
500,0,0.983,403,off-target
500,0,0.148,403,target
500,1450,0.227,403,off-target
500,1450,0.308,403,target
500,0,0.488,404,off-target
500,0,0.223,404,target
500,1450,0.466,404,off-target
500,1450,0.482,404,target
500,0,0.839,405,off-target
500,0,0.672,405,target
500,1450,0.191,405,off-target
500,1450,0.278,405,target
500,0,0.079,406,off-target
500,0,0.98,406,target
500,1450,0.18,406,off-target
500,1450,0.971,406,target
500,0,0.316,407,off-target
500,0,0.272,407,target
500,1450,0.041,407,off-target
500,1450,0.994,407,target
500,0,0.854,408,off-target
500,0,0.299,408,target
500,1450,0.635,408,off-target
500,1450,0.733,408,target
500,0,0.976,409,off-target
500,0,0.479,409,target
500,1450,0.418,409,off-target
500,1450,0.06,409,target
500,0,0.553,410,off-target
500,0,0.824,410,target
500,1450,0.962,410,off-target
500,1450,0.37,410,target
500,0,1.0,411,off-target
500,0,0.328,411,target
500,1450,0.995,411,off-target
500,1450,0.942,411,target
500,0,0.87,412,off-target
500,0,0.528,412,target
500,1450,0.714,412,off-target
500,1450,0.66,412,target
500,0,0.362,413,off-target
500,0,0.412,413,target
500,1450,0.734,413,off-target
500,1450,0.945,413,target
500,0,0.006,414,off-target
500,0,0.247,414,target
500,1450,0.159,414,off-target
500,1450,0.221,414,target
500,0,0.402,415,off-target
500,0,0.553,415,target
500,1450,0.26,415,off-target
500,1450,0.577,415,target
500,0,0.16,416,off-target
500,0,0.021,416,target
500,1450,0.514,416,off-target
500,1450,0.075,416,target
500,0,0.903,417,off-target
500,0,0.574,417,target
500,1450,0.348,417,off-target
500,1450,0.982,417,target
500,0,0.96,418,off-target
500,0,0.418,418,target
500,1450,0.097,418,off-target
500,1450,0.116,418,target
500,0,0.576,419,off-target
500,0,0.321,419,target
500,1450,0.815,419,off-target
500,1450,0.587,419,target
500,0,0.737,420,off-target
500,0,0.352,420,target
500,1450,0.041,420,off-target
500,1450,0.906,420,target
500,0,0.629,421,off-target
500,0,0.437,421,target
500,1450,0.529,421,off-target
500,1450,0.707,421,target
500,0,0.742,422,off-target
500,0,0.292,422,target
500,1450,0.873,422,off-target
500,1450,0.424,422,target
500,0,0.174,423,off-target
500,0,0.913,423,target
500,1450,0.524,423,off-target
500,1450,0.679,423,target
500,0,0.414,424,off-target
500,0,0.096,424,target
500,1450,0.814,424,off-target
500,1450,0.338,424,target
500,0,0.039,425,off-target
500,0,0.341,425,target
500,1450,0.866,425,off-target
500,1450,0.802,425,target
500,0,0.376,426,off-target
500,0,0.834,426,target
500,1450,0.211,426,off-target
500,1450,0.171,426,target
500,0,0.731,427,off-target
500,0,0.776,427,target
500,1450,0.713,427,off-target
500,1450,0.023,427,target
500,0,0.947,428,off-target
500,0,0.505,428,target
500,1450,0.098,428,off-target
500,1450,0.15,428,target
500,0,0.204,429,off-target
500,0,0.394,429,target
500,1450,0.843,429,off-target
500,1450,0.405,429,target
500,0,0.004,430,off-target
500,0,0.645,430,target
500,1450,0.888,430,off-target
500,1450,0.676,430,target
500,0,0.401,431,off-target
500,0,0.841,431,target
500,1450,0.069,431,off-target
500,1450,0.814,431,target
500,0,0.944,432,off-target
500,0,0.218,432,target
500,1450,0.744,432,off-target
500,1450,0.767,432,target
500,0,0.368,433,off-target
500,0,0.098,433,target
500,1450,0.851,433,off-target
500,1450,0.444,433,target
500,0,0.053,434,off-target
500,0,0.334,434,target
500,1450,0.278,434,off-target
500,1450,0.906,434,target
500,0,0.228,435,off-target
500,0,0.347,435,target
500,1450,0.718,435,off-target
500,1450,0.548,435,target
500,0,0.244,436,off-target
500,0,0.6,436,target
500,1450,0.697,436,off-target
500,1450,0.427,436,target
500,0,0.951,437,off-target
500,0,0.369,437,target
500,1450,0.962,437,off-target
500,1450,0.906,437,target
500,0,0.739,438,off-target
500,0,0.346,438,target
500,1450,0.057,438,off-target
500,1450,0.067,438,target
500,0,0.02,439,off-target
500,0,0.644,439,target
500,1450,0.926,439,off-target
500,1450,0.593,439,target
500,0,0.184,440,off-target
500,0,0.212,440,target
500,1450,0.554,440,off-target
500,1450,0.58,440,target
500,0,0.161,441,off-target
500,0,0.136,441,target
500,1450,0.15,441,off-target
500,1450,0.548,441,target
500,0,0.58,442,off-target
500,0,0.219,442,target
500,1450,0.155,442,off-target
500,1450,0.427,442,target
500,0,0.344,443,off-target
500,0,0.344,443,target
500,1450,0.211,443,off-target
500,1450,0.032,443,target
500,0,0.919,444,off-target
500,0,0.211,444,target
500,1450,0.711,444,off-target
500,1450,0.554,444,target
500,0,0.802,445,off-target
500,0,0.953,445,target
500,1450,0.687,445,off-target
500,1450,0.737,445,target
500,0,0.845,446,off-target
500,0,0.598,446,target
500,1450,0.818,446,off-target
500,1450,0.665,446,target
500,0,0.096,447,off-target
500,0,0.398,447,target
500,1450,0.715,447,off-target
500,1450,0.785,447,target
500,0,0.668,448,off-target
500,0,0.5,448,target
500,1450,0.192,448,off-target
500,1450,0.215,448,target
500,0,0.208,449,off-target
500,0,0.436,449,target
500,1450,0.231,449,off-target
500,1450,0.007,449,target
500,0,0.974,450,off-target
500,0,0.787,450,target
500,1450,0.179,450,off-target
500,1450,0.599,450,target
500,0,0.711,451,off-target
500,0,0.199,451,target
500,1450,0.829,451,off-target
500,1450,0.134,451,target
500,0,0.575,452,off-target
500,0,0.507,452,target
500,1450,0.988,452,off-target
500,1450,0.378,452,target
500,0,0.437,453,off-target
500,0,0.088,453,target
500,1450,0.492,453,off-target
500,1450,0.118,453,target
500,0,0.594,454,off-target
500,0,0.379,454,target
500,1450,0.283,454,off-target
500,1450,0.75,454,target
500,0,0.518,455,off-target
500,0,0.493,455,target
500,1450,0.268,455,off-target
500,1450,0.719,455,target
500,0,0.61,456,off-target
500,0,0.838,456,target
500,1450,0.899,456,off-target
500,1450,0.168,456,target
500,0,0.396,457,off-target
500,0,0.98,457,target
500,1450,0.347,457,off-target
500,1450,0.103,457,target
500,0,0.816,458,off-target
500,0,0.41,458,target
500,1450,0.586,458,off-target
500,1450,0.451,458,target
500,0,0.202,459,off-target
500,0,0.894,459,target
500,1450,0.119,459,off-target
500,1450,0.748,459,target
500,0,0.934,460,off-target
500,0,0.211,460,target
500,1450,0.016,460,off-target
500,1450,0.299,460,target
500,0,0.439,461,off-target
500,0,0.269,461,target
500,1450,0.255,461,off-target
500,1450,0.587,461,target
500,0,0.599,462,off-target
500,0,0.976,462,target
500,1450,0.165,462,off-target
500,1450,0.452,462,target
500,0,0.171,463,off-target
500,0,0.01,463,target
500,1450,0.537,463,off-target
500,1450,0.923,463,target
500,0,0.866,464,off-target
500,0,0.039,464,target
500,1450,0.634,464,off-target
500,1450,0.58,464,target
500,0,0.983,465,off-target
500,0,0.21,465,target
500,1450,0.976,465,off-target
500,1450,0.266,465,target
500,0,0.072,466,off-target
500,0,0.078,466,target
500,1450,0.532,466,off-target
500,1450,0.991,466,target
500,0,0.817,467,off-target
500,0,0.419,467,target
500,1450,0.654,467,off-target
500,1450,0.298,467,target
500,0,0.904,468,off-target
500,0,0.475,468,target
500,1450,0.183,468,off-target
500,1450,0.357,468,target
500,0,0.697,469,off-target
500,0,0.878,469,target
500,1450,0.513,469,off-target
500,1450,0.644,469,target
500,0,0.238,470,off-target
500,0,0.782,470,target
500,1450,0.317,470,off-target
500,1450,0.419,470,target
500,0,0.561,471,off-target
500,0,0.633,471,target
500,1450,0.662,471,off-target
500,1450,0.316,471,target
500,0,0.225,472,off-target
500,0,0.98,472,target
500,1450,0.823,472,off-target
500,1450,0.76,472,target
500,0,0.409,473,off-target
500,0,0.636,473,target
500,1450,0.945,473,off-target
500,1450,0.059,473,target
500,0,0.389,474,off-target
500,0,0.738,474,target
500,1450,0.281,474,off-target
500,1450,0.192,474,target
500,0,0.561,475,off-target
500,0,0.27,475,target
500,1450,0.569,475,off-target
500,1450,0.974,475,target
500,0,0.406,476,off-target
500,0,0.546,476,target
500,1450,0.283,476,off-target
500,1450,0.145,476,target
500,0,0.762,477,off-target
500,0,0.003,477,target
500,1450,0.943,477,off-target
500,1450,0.579,477,target
500,0,0.238,478,off-target
500,0,0.104,478,target
500,1450,0.362,478,off-target
500,1450,0.529,478,target
500,0,0.898,479,off-target
500,0,0.027,479,target
500,1450,0.509,479,off-target
500,1450,0.91,479,target
500,0,0.102,480,off-target
500,0,0.157,480,target
500,1450,0.011,480,off-target
500,1450,0.012,480,target
500,0,0.063,481,off-target
500,0,0.969,481,target
500,1450,0.467,481,off-target
500,1450,0.673,481,target
500,0,0.713,482,off-target
500,0,0.363,482,target
500,1450,0.437,482,off-target
500,1450,0.604,482,target
500,0,0.487,483,off-target
500,0,0.215,483,target
500,1450,0.241,483,off-target
500,1450,0.481,483,target
500,0,0.772,484,off-target
500,0,0.035,484,target
500,1450,0.459,484,off-target
500,1450,0.972,484,target
500,0,0.381,485,off-target
500,0,0.236,485,target
500,1450,0.752,485,off-target
500,1450,0.345,485,target
500,0,0.069,486,off-target
500,0,0.651,486,target
500,1450,0.771,486,off-target
500,1450,0.577,486,target
500,0,0.774,487,off-target
500,0,0.74,487,target
500,1450,0.909,487,off-target
500,1450,0.209,487,target
500,0,0.943,488,off-target
500,0,0.262,488,target
500,1450,0.226,488,off-target
500,1450,0.67,488,target
500,0,0.673,489,off-target
500,0,0.946,489,target
500,1450,0.929,489,off-target
500,1450,0.467,489,target
500,0,0.553,490,off-target
500,0,0.291,490,target
500,1450,0.991,490,off-target
500,1450,0.973,490,target
500,0,0.922,491,off-target
500,0,0.638,491,target
500,1450,0.413,491,off-target
500,1450,0.825,491,target
500,0,0.204,492,off-target
500,0,0.712,492,target
500,1450,0.279,492,off-target
500,1450,0.631,492,target
500,0,0.457,493,off-target
500,0,0.51,493,target
500,1450,0.268,493,off-target
500,1450,0.363,493,target
500,0,0.356,494,off-target
500,0,0.614,494,target
500,1450,0.801,494,off-target
500,1450,0.487,494,target
500,0,0.884,495,off-target
500,0,0.932,495,target
500,1450,0.426,495,off-target
500,1450,0.866,495,target
500,0,0.063,496,off-target
500,0,0.831,496,target
500,1450,0.406,496,off-target
500,1450,0.129,496,target
500,0,0.855,497,off-target
500,0,0.605,497,target
500,1450,0.326,497,off-target
500,1450,0.31,497,target
500,0,0.05,498,off-target
500,0,0.936,498,target
500,1450,0.86,498,off-target
500,1450,0.097,498,target
500,0,0.768,499,off-target
500,0,0.602,499,target
500,1450,0.052,499,off-target
500,1450,0.096,499,target
