n,p_value,var_est,seed,type
500,0.39,15.557703232502718,0,off-target
500,0.3,0.0,0,off-target noiseless
500,0.609,7.59631160738445,0,target
500,0.632,0.0,0,target noiseless
500,0.077,11.518767035550127,1,off-target
500,0.106,0.0,1,off-target noiseless
500,0.789,7.770530552603304,1,target
500,0.148,0.0,1,target noiseless
500,0.0,12.390980622036295,2,off-target
500,0.215,0.0,2,off-target noiseless
500,0.262,1264.2801180540118,2,target
500,0.759,0.0,2,target noiseless
500,0.07,18.886702260825587,3,off-target
500,0.579,0.0,3,off-target noiseless
500,0.367,0.033281574476107245,3,target
500,0.884,0.0,3,target noiseless
500,0.212,8.454549110810206,4,off-target
500,0.388,0.0,4,off-target noiseless
500,0.626,35.12861168798031,4,target
500,0.794,0.0,4,target noiseless
500,0.026,18.319058959783433,5,off-target
500,0.704,0.0,5,off-target noiseless
500,0.106,15.84294901573054,5,target
500,0.265,0.0,5,target noiseless
500,0.508,16.099431496670377,6,off-target
500,0.925,0.0,6,off-target noiseless
500,0.716,15.618420067903628,6,target
500,0.029,0.0,6,target noiseless
500,0.376,11.961854895358556,7,off-target
500,0.298,0.0,7,off-target noiseless
500,0.038,43.75813365216254,7,target
500,0.928,0.0,7,target noiseless
500,0.777,14.256919425635942,8,off-target
500,0.408,0.0,8,off-target noiseless
500,0.606,701561.2451339364,8,target
500,0.923,0.0,8,target noiseless
500,0.009,14.989474188687439,9,off-target
500,0.374,0.0,9,off-target noiseless
500,0.669,11.852085810246592,9,target
500,0.891,0.0,9,target noiseless
500,0.307,9.835425622309288,10,off-target
500,0.419,0.0,10,off-target noiseless
500,0.444,11.91492233933809,10,target
500,0.528,0.0,10,target noiseless
500,0.066,3.2569920632478357,11,off-target
500,0.097,0.0,11,off-target noiseless
500,0.48,17772.25520326197,11,target
500,0.956,0.0,11,target noiseless
500,0.324,10.387709340673211,12,off-target
500,0.875,0.0,12,off-target noiseless
500,0.034,0.33048516858216104,12,target
500,0.531,0.0,12,target noiseless
500,0.812,311.32302144542336,13,off-target
500,0.711,0.0,13,off-target noiseless
500,0.526,11.426322012289347,13,target
500,0.892,0.0,13,target noiseless
500,0.057,10.211501484314397,14,off-target
500,0.397,0.0,14,off-target noiseless
500,0.129,2.1402045395553273,14,target
500,0.049,0.0,14,target noiseless
500,0.258,15.197842825216924,15,off-target
500,0.034,0.0,15,off-target noiseless
500,0.367,12.190203622394677,15,target
500,0.739,0.0,15,target noiseless
500,0.489,15.208306636260716,16,off-target
500,0.876,0.0,16,off-target noiseless
500,0.406,14.831703674922721,16,target
500,0.614,0.0,16,target noiseless
500,0.201,9.347869634338224,17,off-target
500,0.43,0.0,17,off-target noiseless
500,0.352,2.5682945954912526,17,target
500,0.592,0.0,17,target noiseless
500,0.003,20.929676481502838,18,off-target
500,0.778,0.0,18,off-target noiseless
500,0.597,56.562656694328325,18,target
500,0.672,0.0,18,target noiseless
500,0.162,453814.2233669907,19,off-target
500,0.515,0.0,19,off-target noiseless
500,0.576,89894.06805463973,19,target
500,0.014,0.0,19,target noiseless
500,0.474,19.765572813330664,20,off-target
500,0.568,0.0,20,off-target noiseless
500,0.236,54.092041245945666,20,target
500,0.74,0.0,20,target noiseless
500,0.013,8.737360041443253,21,off-target
500,0.284,0.0,21,off-target noiseless
500,0.447,30.13697187186358,21,target
500,0.69,0.0,21,target noiseless
500,0.037,13.46582599881691,22,off-target
500,0.349,0.0,22,off-target noiseless
500,0.338,5623.375056334771,22,target
500,0.489,0.0,22,target noiseless
500,0.912,119.87453181302408,23,off-target
500,0.431,0.0,23,off-target noiseless
500,0.881,1.3673008690768853,23,target
500,0.713,0.0,23,target noiseless
500,0.099,13.411074760386384,24,off-target
500,0.191,0.0,24,off-target noiseless
500,0.348,4.548988827118819,24,target
500,0.732,0.0,24,target noiseless
500,0.179,16.32089462889803,25,off-target
500,0.863,0.0,25,off-target noiseless
500,0.984,64.1746795757208,25,target
500,0.518,0.0,25,target noiseless
500,0.05,8.944256581199625,26,off-target
500,0.157,0.0,26,off-target noiseless
500,0.53,4.39314085762112,26,target
500,0.217,0.0,26,target noiseless
500,0.167,0.4013435968104808,27,off-target
500,0.128,0.0,27,off-target noiseless
500,0.776,148.2937536776817,27,target
500,0.488,0.0,27,target noiseless
500,0.054,14.082434084153647,28,off-target
500,0.078,0.0,28,off-target noiseless
500,0.085,9.345287879579928,28,target
500,0.959,0.0,28,target noiseless
500,0.33,12.446498834732722,29,off-target
500,0.282,0.0,29,off-target noiseless
500,0.048,162919.25024038553,29,target
500,0.599,0.0,29,target noiseless
500,0.002,14.518058086046949,30,off-target
500,0.2,0.0,30,off-target noiseless
500,0.964,1.4328179109387662,30,target
500,0.274,0.0,30,target noiseless
500,0.653,18.989876477972757,31,off-target
500,0.012,0.0,31,off-target noiseless
500,0.266,0.0003560481417302398,31,target
500,0.493,0.0,31,target noiseless
500,0.714,5.608481079110788,32,off-target
500,0.172,0.0,32,off-target noiseless
500,0.444,1.36176949089554,32,target
500,0.399,0.0,32,target noiseless
500,0.1,11.187272332739667,33,off-target
500,0.047,0.0,33,off-target noiseless
500,0.597,114.01032513751943,33,target
500,0.408,0.0,33,target noiseless
500,0.157,18.198969866946072,34,off-target
500,0.991,0.0,34,off-target noiseless
500,0.784,0.5378418819668163,34,target
500,0.573,0.0,34,target noiseless
500,0.333,11.495215875466101,35,off-target
500,0.519,0.0,35,off-target noiseless
500,0.609,330602.67982007563,35,target
500,0.574,0.0,35,target noiseless
500,0.863,0.8135667066994898,36,off-target
500,0.376,0.0,36,off-target noiseless
500,0.84,1.6046035604718014,36,target
500,0.036,0.0,36,target noiseless
500,0.001,19.178474164493537,37,off-target
500,0.503,0.0,37,off-target noiseless
500,0.428,3.3919513845162896,37,target
500,0.505,0.0,37,target noiseless
500,0.846,112.53150101604206,38,off-target
500,0.704,0.0,38,off-target noiseless
500,0.732,8.309342526443262e-07,38,target
500,0.544,0.0,38,target noiseless
500,0.375,13.235314703090125,39,off-target
500,0.513,0.0,39,off-target noiseless
500,0.586,31.374938301974908,39,target
500,0.944,0.0,39,target noiseless
500,0.048,16.639505255094264,40,off-target
500,0.859,0.0,40,off-target noiseless
500,0.539,4.248480173844712,40,target
500,0.964,0.0,40,target noiseless
500,0.17,20.35184138167665,41,off-target
500,0.185,0.0,41,off-target noiseless
500,0.823,3079.8515639413527,41,target
500,0.319,0.0,41,target noiseless
500,0.644,1.6934801690605497,42,off-target
500,0.355,0.0,42,off-target noiseless
500,0.389,4.994406083199067,42,target
500,0.254,0.0,42,target noiseless
500,0.024,17.11671480755308,43,off-target
500,0.826,0.0,43,off-target noiseless
500,0.582,15.716832624574636,43,target
500,0.178,0.0,43,target noiseless
500,0.019,6.682948767136679,44,off-target
500,0.674,0.0,44,off-target noiseless
500,0.89,3.3136243974886384,44,target
500,0.922,0.0,44,target noiseless
500,0.394,17.661041198175553,45,off-target
500,0.579,0.0,45,off-target noiseless
500,0.754,12062.718123633007,45,target
500,0.728,0.0,45,target noiseless
500,0.057,13.703248137666378,46,off-target
500,0.303,0.0,46,off-target noiseless
500,0.342,6.257854782257311,46,target
500,0.936,0.0,46,target noiseless
500,0.005,10.356932266594413,47,off-target
500,0.131,0.0,47,off-target noiseless
500,0.34,9.412804421885085,47,target
500,0.242,0.0,47,target noiseless
500,0.801,18.608585353518947,48,off-target
500,0.067,0.0,48,off-target noiseless
500,0.07,8.065874918234512e-08,48,target
500,0.671,0.0,48,target noiseless
500,0.252,9.342002525590942,49,off-target
500,0.737,0.0,49,off-target noiseless
500,0.939,0.05032007495537982,49,target
500,0.692,0.0,49,target noiseless
500,0.642,34607.44998286688,50,off-target
500,0.138,0.0,50,off-target noiseless
500,0.986,26502.559197603026,50,target
500,0.126,0.0,50,target noiseless
500,0.389,31.222384733388253,51,off-target
500,0.624,0.0,51,off-target noiseless
500,0.775,54703.25416356698,51,target
500,0.004,0.0,51,target noiseless
500,0.524,609.9682133995557,52,off-target
500,0.314,0.0,52,off-target noiseless
500,0.81,2.8181512599090297,52,target
500,0.76,0.0,52,target noiseless
500,0.703,2.776884442215888,53,off-target
500,0.958,0.0,53,off-target noiseless
500,0.654,9.159917199446,53,target
500,0.093,0.0,53,target noiseless
500,0.23,15.664338666852018,54,off-target
500,0.076,0.0,54,off-target noiseless
500,0.336,1146304.8056640625,54,target
500,0.019,0.0,54,target noiseless
500,0.005,12.72451572518753,55,off-target
500,0.213,0.0,55,off-target noiseless
500,0.041,8.372206176227337,55,target
500,0.407,0.0,55,target noiseless
500,0.097,12.561211279684358,56,off-target
500,0.3,0.0,56,off-target noiseless
500,0.611,192008.4456253387,56,target
500,0.843,0.0,56,target noiseless
500,0.0,11.540014462900729,57,off-target
500,0.858,0.0,57,off-target noiseless
500,0.923,62.13163646456087,57,target
500,0.529,0.0,57,target noiseless
500,0.172,13.178394656220519,58,off-target
500,0.655,0.0,58,off-target noiseless
500,0.2,4.193464596689012,58,target
500,0.582,0.0,58,target noiseless
500,0.087,16.354145463530813,59,off-target
500,0.565,0.0,59,off-target noiseless
500,0.171,64.90647703106879,59,target
500,0.458,0.0,59,target noiseless
500,0.949,5.273097410487537,60,off-target
500,0.062,0.0,60,off-target noiseless
500,0.087,29112.83334734873,60,target
500,0.853,0.0,60,target noiseless
500,0.256,11.72094852047536,61,off-target
500,0.206,0.0,61,off-target noiseless
500,0.637,14.044470609116843,61,target
500,0.417,0.0,61,target noiseless
500,0.217,14.51768744650417,62,off-target
500,0.832,0.0,62,off-target noiseless
500,0.907,15885.689496779873,62,target
500,0.69,0.0,62,target noiseless
500,0.007,15.921449034085754,63,off-target
500,0.392,0.0,63,off-target noiseless
500,0.673,11.588154500493658,63,target
500,0.317,0.0,63,target noiseless
500,0.646,16.917776397496937,64,off-target
500,0.144,0.0,64,off-target noiseless
500,0.375,48.612336342303934,64,target
500,0.572,0.0,64,target noiseless
500,0.005,11.222226206542075,65,off-target
500,0.311,0.0,65,off-target noiseless
500,0.904,0.00040696120855099674,65,target
500,0.946,0.0,65,target noiseless
500,0.038,12.091853562310973,66,off-target
500,0.538,0.0,66,off-target noiseless
500,0.091,2.9953625708020724,66,target
500,0.175,0.0,66,target noiseless
500,0.156,18.921669482761217,67,off-target
500,0.388,0.0,67,off-target noiseless
500,0.58,182049.8264286667,67,target
500,0.49,0.0,67,target noiseless
500,0.092,16.873194313325257,68,off-target
500,0.233,0.0,68,off-target noiseless
500,0.36,11.864632598721073,68,target
500,0.515,0.0,68,target noiseless
500,0.341,10.902245442951482,69,off-target
500,0.537,0.0,69,off-target noiseless
500,0.766,24.635489910291653,69,target
500,0.199,0.0,69,target noiseless
500,0.172,15.75840908032211,70,off-target
500,0.032,0.0,70,off-target noiseless
500,0.935,16969.466991160065,70,target
500,0.914,0.0,70,target noiseless
500,0.148,12.135589532960012,71,off-target
500,0.466,0.0,71,off-target noiseless
500,0.037,92.98700081056813,71,target
500,0.736,0.0,71,target noiseless
500,0.575,9.761485896097156,72,off-target
500,0.865,0.0,72,off-target noiseless
500,0.256,99775.53111056332,72,target
500,0.124,0.0,72,target noiseless
500,0.132,3.3094085418048422,73,off-target
500,0.993,0.0,73,off-target noiseless
500,0.019,2.46975182882494,73,target
500,0.57,0.0,73,target noiseless
500,0.054,11.83931595801937,74,off-target
500,0.456,0.0,74,off-target noiseless
500,0.696,15.174271551805077,74,target
500,0.855,0.0,74,target noiseless
500,0.003,11.804440370151724,75,off-target
500,0.023,0.0,75,off-target noiseless
500,0.83,17159.98857081146,75,target
500,0.976,0.0,75,target noiseless
500,0.921,1402538.5596263558,76,off-target
500,0.487,0.0,76,off-target noiseless
500,0.819,5.812255433542305,76,target
500,0.687,0.0,76,target noiseless
500,0.146,14.060888932597265,77,off-target
500,0.934,0.0,77,off-target noiseless
500,0.169,107.19963034919056,77,target
500,0.341,0.0,77,target noiseless
500,0.009,15.29877081983392,78,off-target
500,0.312,0.0,78,off-target noiseless
500,0.681,77902.33281639311,78,target
500,0.487,0.0,78,target noiseless
500,0.32,27.638680811380482,79,off-target
500,0.685,0.0,79,off-target noiseless
500,0.08,20.57761268795025,79,target
500,0.626,0.0,79,target noiseless
500,0.377,14.165985133425295,80,off-target
500,0.765,0.0,80,off-target noiseless
500,0.025,15.291596683528951,80,target
500,0.101,0.0,80,target noiseless
500,0.118,12.468657352599223,81,off-target
500,0.186,0.0,81,off-target noiseless
500,0.537,112200.44476375077,81,target
500,0.174,0.0,81,target noiseless
500,0.138,12.580794137670694,82,off-target
500,0.683,0.0,82,off-target noiseless
500,0.479,0.00342764144114939,82,target
500,0.255,0.0,82,target noiseless
500,0.106,12.594908722942137,83,off-target
500,0.584,0.0,83,off-target noiseless
500,0.191,3.7288033335590285,83,target
500,0.472,0.0,83,target noiseless
500,0.942,3.254176937091543,84,off-target
500,0.128,0.0,84,off-target noiseless
500,0.729,1.2434698689384192,84,target
500,0.261,0.0,84,target noiseless
500,0.58,1.0137706962120916,85,off-target
500,0.365,0.0,85,off-target noiseless
500,0.672,3.5765990607092984e-05,85,target
500,0.827,0.0,85,target noiseless
500,0.414,556272.429244671,86,off-target
500,0.055,0.0,86,off-target noiseless
500,0.92,4.1493308778265146,86,target
500,0.784,0.0,86,target noiseless
500,0.175,25.239624234802477,87,off-target
500,0.917,0.0,87,off-target noiseless
500,0.701,0.00025076274600201176,87,target
500,0.834,0.0,87,target noiseless
500,0.025,13.442472901043004,88,off-target
500,0.354,0.0,88,off-target noiseless
500,0.543,29694.852794213453,88,target
500,0.26,0.0,88,target noiseless
500,0.016,13.10867001560132,89,off-target
500,0.722,0.0,89,off-target noiseless
500,0.539,21.174039536572536,89,target
500,0.951,0.0,89,target noiseless
500,0.16,25.5635530275797,90,off-target
500,0.185,0.0,90,off-target noiseless
500,0.702,3.7024508993881824,90,target
500,0.39,0.0,90,target noiseless
500,0.583,16.177142423859777,91,off-target
500,0.271,0.0,91,off-target noiseless
500,0.787,5.77842415123834e-06,91,target
500,0.777,0.0,91,target noiseless
500,0.167,37.541821759896266,92,off-target
500,0.219,0.0,92,off-target noiseless
500,0.711,19.28974532473171,92,target
500,0.502,0.0,92,target noiseless
500,0.301,18975.075111391256,93,off-target
500,0.827,0.0,93,off-target noiseless
500,0.872,7.655290018756432,93,target
500,0.701,0.0,93,target noiseless
500,0.027,14.831789985515798,94,off-target
500,0.349,0.0,94,off-target noiseless
500,0.827,178.19144655086347,94,target
500,0.245,0.0,94,target noiseless
500,0.717,451462.4378694445,95,off-target
500,0.465,0.0,95,off-target noiseless
500,0.484,21.891549708379898,95,target
500,0.387,0.0,95,target noiseless
500,0.086,757.7322872888508,96,off-target
500,0.815,0.0,96,off-target noiseless
500,0.92,0.0004916806917237282,96,target
500,0.272,0.0,96,target noiseless
500,0.04,13.385422670489788,97,off-target
500,0.041,0.0,97,off-target noiseless
500,0.546,10.398107158951518,97,target
500,0.24,0.0,97,target noiseless
500,0.041,11.87396365776658,98,off-target
500,0.491,0.0,98,off-target noiseless
500,0.656,1.0000033378628927,98,target
500,0.643,0.0,98,target noiseless
500,0.054,10.465782738391738,99,off-target
500,0.039,0.0,99,off-target noiseless
500,0.06,6.854739362909243,99,target
500,0.182,0.0,99,target noiseless
500,0.146,9.223934877926695,100,off-target
500,0.889,0.0,100,off-target noiseless
500,0.462,2051395.660471931,100,target
500,0.281,0.0,100,target noiseless
500,0.022,14.239983950814405,101,off-target
500,0.325,0.0,101,off-target noiseless
500,0.897,2.110220972639709,101,target
500,0.325,0.0,101,target noiseless
500,0.079,21.47871425218932,102,off-target
500,0.162,0.0,102,off-target noiseless
500,0.544,11.607456117168624,102,target
500,0.954,0.0,102,target noiseless
500,0.212,43.06154354232808,103,off-target
500,0.877,0.0,103,off-target noiseless
500,0.99,0.7061068342227514,103,target
500,0.67,0.0,103,target noiseless
500,0.415,12.485660692801503,104,off-target
500,0.135,0.0,104,off-target noiseless
500,0.118,16.026954549543234,104,target
500,0.688,0.0,104,target noiseless
500,0.023,16.40588516533262,105,off-target
500,0.278,0.0,105,off-target noiseless
500,0.167,141.92779711657204,105,target
500,0.731,0.0,105,target noiseless
500,0.06,18.219122152237333,106,off-target
500,0.205,0.0,106,off-target noiseless
500,0.76,1830.3437163180206,106,target
500,0.252,0.0,106,target noiseless
500,0.195,2.4927534922836827,107,off-target
500,0.589,0.0,107,off-target noiseless
500,0.759,1026210.0546098351,107,target
500,0.964,0.0,107,target noiseless
500,0.006,16.137003150769488,108,off-target
500,0.627,0.0,108,off-target noiseless
500,0.095,3314.2591856984072,108,target
500,0.264,0.0,108,target noiseless
500,0.483,12.92832656560131,109,off-target
500,0.724,0.0,109,off-target noiseless
500,0.577,8.377356072168368,109,target
500,0.679,0.0,109,target noiseless
500,0.393,4.340299301703965,110,off-target
500,0.769,0.0,110,off-target noiseless
500,0.862,4.108345088005137,110,target
500,0.45,0.0,110,target noiseless
500,0.016,13.065224164064603,111,off-target
500,0.938,0.0,111,off-target noiseless
500,0.448,31.229120757270948,111,target
500,0.536,0.0,111,target noiseless
500,0.296,0.7177963790746986,112,off-target
500,0.682,0.0,112,off-target noiseless
500,0.869,1.8654595250864645,112,target
500,0.957,0.0,112,target noiseless
500,0.663,9.783325161795858,113,off-target
500,0.496,0.0,113,off-target noiseless
500,0.799,9.377904501485546,113,target
500,0.948,0.0,113,target noiseless
500,0.02,15.82384417342928,114,off-target
500,0.546,0.0,114,off-target noiseless
500,0.928,10.353398461872132,114,target
500,0.955,0.0,114,target noiseless
500,0.194,12.614206203593824,115,off-target
500,0.809,0.0,115,off-target noiseless
500,0.783,37.98725482443501,115,target
500,0.68,0.0,115,target noiseless
500,0.288,4.058421190281081,116,off-target
500,0.435,0.0,116,off-target noiseless
500,0.144,2.2342737107880026,116,target
500,0.813,0.0,116,target noiseless
500,0.041,17.531989538602147,117,off-target
500,0.932,0.0,117,off-target noiseless
500,0.924,1508.2655970761552,117,target
500,0.038,0.0,117,target noiseless
500,0.014,10.113877395799648,118,off-target
500,0.989,0.0,118,off-target noiseless
500,0.931,6472.898059610801,118,target
500,0.101,0.0,118,target noiseless
500,0.639,13.697042569620862,119,off-target
500,0.5,0.0,119,off-target noiseless
500,0.711,4.930222108997441,119,target
500,0.837,0.0,119,target noiseless
500,0.32,1.7103553256877149,120,off-target
500,0.326,0.0,120,off-target noiseless
500,0.351,7.361121849211743e-07,120,target
500,0.417,0.0,120,target noiseless
500,0.53,168.94904902209328,121,off-target
500,0.102,0.0,121,off-target noiseless
500,0.932,8.997309409037427,121,target
500,0.088,0.0,121,target noiseless
500,0.044,14.92832809145716,122,off-target
500,0.475,0.0,122,off-target noiseless
500,0.798,13.766679701932162,122,target
500,0.261,0.0,122,target noiseless
500,0.004,10.14027936819275,123,off-target
500,0.245,0.0,123,off-target noiseless
500,0.332,3.871518203425822,123,target
500,0.856,0.0,123,target noiseless
500,0.005,14.257466770050314,124,off-target
500,0.487,0.0,124,off-target noiseless
500,0.102,0.0016028341912301958,124,target
500,0.016,0.0,124,target noiseless
500,0.124,48.61956435689194,125,off-target
500,0.048,0.0,125,off-target noiseless
500,0.53,0.00022927870587456049,125,target
500,0.309,0.0,125,target noiseless
500,0.05,0.11271804570611721,126,off-target
500,0.288,0.0,126,off-target noiseless
500,0.826,56631.13036975637,126,target
500,0.593,0.0,126,target noiseless
500,0.003,13.053697758348392,127,off-target
500,0.733,0.0,127,off-target noiseless
500,0.696,90.51819096625331,127,target
500,0.959,0.0,127,target noiseless
500,0.204,11.490274163675224,128,off-target
500,0.687,0.0,128,off-target noiseless
500,0.9,32699.24674894684,128,target
500,0.49,0.0,128,target noiseless
500,0.064,12.469322446282604,129,off-target
500,0.743,0.0,129,off-target noiseless
500,0.195,2.7643177775729697,129,target
500,0.71,0.0,129,target noiseless
500,0.311,10.552226301027133,130,off-target
500,0.113,0.0,130,off-target noiseless
500,0.932,6.493280162209203,130,target
500,0.324,0.0,130,target noiseless
500,0.424,4.5081642713796555,131,off-target
500,0.803,0.0,131,off-target noiseless
500,0.578,19.89922739500821,131,target
500,0.995,0.0,131,target noiseless
500,0.011,11.902987280110722,132,off-target
500,0.119,0.0,132,off-target noiseless
500,0.208,20.8402877956471,132,target
500,0.637,0.0,132,target noiseless
500,0.164,12.002274222617416,133,off-target
500,0.101,0.0,133,off-target noiseless
500,0.6,3.6005665641211095,133,target
500,0.676,0.0,133,target noiseless
500,0.529,0.3258847786292485,134,off-target
500,0.361,0.0,134,off-target noiseless
500,0.433,31.666341879037873,134,target
500,0.121,0.0,134,target noiseless
500,0.201,10.831213830581191,135,off-target
500,0.47,0.0,135,off-target noiseless
500,0.085,9.670908564449064,135,target
500,0.2,0.0,135,target noiseless
500,0.388,14649.4979673645,136,off-target
500,0.982,0.0,136,off-target noiseless
500,0.071,0.005657526649031297,136,target
500,0.504,0.0,136,target noiseless
500,0.614,27.019634802147493,137,off-target
500,0.004,0.0,137,off-target noiseless
500,0.322,22.316549713387076,137,target
500,0.068,0.0,137,target noiseless
500,0.015,9.964903251020814,138,off-target
500,0.228,0.0,138,off-target noiseless
500,0.567,6.812832509085865,138,target
500,0.743,0.0,138,target noiseless
500,0.005,12.932765825532954,139,off-target
500,0.991,0.0,139,off-target noiseless
500,0.653,28.648898524828837,139,target
500,0.265,0.0,139,target noiseless
500,0.01,10.303106878750953,140,off-target
500,0.392,0.0,140,off-target noiseless
500,0.99,13.215818079270377,140,target
500,0.557,0.0,140,target noiseless
500,0.663,14.87244812295927,141,off-target
500,0.931,0.0,141,off-target noiseless
500,0.281,0.12154132613422153,141,target
500,0.575,0.0,141,target noiseless
500,0.166,18.007966019413516,142,off-target
500,0.258,0.0,142,off-target noiseless
500,0.583,0.00016010370480629144,142,target
500,0.689,0.0,142,target noiseless
500,0.144,10.203023553022149,143,off-target
500,0.375,0.0,143,off-target noiseless
500,0.982,27.156339545086894,143,target
500,0.4,0.0,143,target noiseless
500,0.111,14.643493999033637,144,off-target
500,0.002,0.0,144,off-target noiseless
500,0.169,2.9300983698110628,144,target
500,0.34,0.0,144,target noiseless
500,0.137,369.67456762076836,145,off-target
500,0.577,0.0,145,off-target noiseless
500,0.746,1.5400178225263659,145,target
500,0.131,0.0,145,target noiseless
500,0.919,3.9720819083189696,146,off-target
500,0.789,0.0,146,off-target noiseless
500,0.93,3.939793927920846,146,target
500,0.743,0.0,146,target noiseless
500,0.013,16.712393610072468,147,off-target
500,0.795,0.0,147,off-target noiseless
500,0.341,1.3218543268740177,147,target
500,0.741,0.0,147,target noiseless
500,0.423,9.637418764378026,148,off-target
500,0.822,0.0,148,off-target noiseless
500,0.845,6781.377744913101,148,target
500,0.524,0.0,148,target noiseless
500,0.906,0.1671677651945993,149,off-target
500,0.66,0.0,149,off-target noiseless
500,0.872,40519.75000429922,149,target
500,0.424,0.0,149,target noiseless
500,0.02,20.889926981691133,150,off-target
500,0.793,0.0,150,off-target noiseless
500,0.716,27.837464342360363,150,target
500,0.932,0.0,150,target noiseless
500,0.211,13.39067954852959,151,off-target
500,0.571,0.0,151,off-target noiseless
500,0.902,2.4790516404449505,151,target
500,0.768,0.0,151,target noiseless
500,0.339,0.0021830749988543396,152,off-target
500,0.872,0.0,152,off-target noiseless
500,0.902,174304.10950364172,152,target
500,0.611,0.0,152,target noiseless
500,0.949,836.7850148250327,153,off-target
500,0.8,0.0,153,off-target noiseless
500,0.055,9.003486494054926,153,target
500,0.566,0.0,153,target noiseless
500,0.325,5661.878179245628,154,off-target
500,0.595,0.0,154,off-target noiseless
500,0.298,42273.25112954923,154,target
500,0.457,0.0,154,target noiseless
500,0.292,9.541807500703726,155,off-target
500,0.927,0.0,155,off-target noiseless
500,0.123,4.984787955768354,155,target
500,0.189,0.0,155,target noiseless
500,0.006,22.186957239974618,156,off-target
500,0.195,0.0,156,off-target noiseless
500,0.9,7.2534873681107115,156,target
500,0.516,0.0,156,target noiseless
500,0.106,13.168958840891776,157,off-target
500,0.524,0.0,157,off-target noiseless
500,0.143,13.198953302405755,157,target
500,0.698,0.0,157,target noiseless
500,0.001,13.878425527245838,158,off-target
500,0.016,0.0,158,off-target noiseless
500,0.905,7.5484087603982175,158,target
500,0.257,0.0,158,target noiseless
500,0.152,15.253574101734557,159,off-target
500,0.4,0.0,159,off-target noiseless
500,0.552,68.46812182000667,159,target
500,0.389,0.0,159,target noiseless
500,0.215,13.901531859023692,160,off-target
500,0.091,0.0,160,off-target noiseless
500,0.097,1524.1362662462197,160,target
500,0.125,0.0,160,target noiseless
500,0.154,3.121017126684947,161,off-target
500,0.158,0.0,161,off-target noiseless
500,0.249,5.047955722257257,161,target
500,0.288,0.0,161,target noiseless
500,0.066,12.521583431282636,162,off-target
500,0.806,0.0,162,off-target noiseless
500,0.345,3.1063622959022865,162,target
500,0.968,0.0,162,target noiseless
500,0.169,78904.1893603513,163,off-target
500,0.093,0.0,163,off-target noiseless
500,0.486,5358.26412600372,163,target
500,0.706,0.0,163,target noiseless
500,0.01,11.009103951058933,164,off-target
500,0.501,0.0,164,off-target noiseless
500,0.991,247227.69926601648,164,target
500,0.912,0.0,164,target noiseless
500,0.653,1.3397966573171658,165,off-target
500,0.32,0.0,165,off-target noiseless
500,0.292,15.227441959623548,165,target
500,0.621,0.0,165,target noiseless
500,0.011,17.41229619029241,166,off-target
500,0.51,0.0,166,off-target noiseless
500,0.879,0.0016761020332332066,166,target
500,0.431,0.0,166,target noiseless
500,0.516,10085.181237945566,167,off-target
500,0.051,0.0,167,off-target noiseless
500,0.631,147476.5554038072,167,target
500,0.428,0.0,167,target noiseless
500,0.129,21.734156751201454,168,off-target
500,0.63,0.0,168,off-target noiseless
500,0.465,3412.926494353451,168,target
500,0.214,0.0,168,target noiseless
500,0.522,0.32600394891530016,169,off-target
500,0.547,0.0,169,off-target noiseless
500,0.539,6.514894817024469,169,target
500,0.812,0.0,169,target noiseless
500,0.006,17.26844126959827,170,off-target
500,0.817,0.0,170,off-target noiseless
500,0.659,570.7025440899306,170,target
500,0.694,0.0,170,target noiseless
500,0.647,8.640082119484036e-06,171,off-target
500,0.384,0.0,171,off-target noiseless
500,0.337,289.51396885213035,171,target
500,0.165,0.0,171,target noiseless
500,0.008,13.399011013089478,172,off-target
500,0.945,0.0,172,off-target noiseless
500,0.759,10.416799095579336,172,target
500,0.852,0.0,172,target noiseless
500,0.035,16.091102213962586,173,off-target
500,0.972,0.0,173,off-target noiseless
500,0.829,92.63583356377148,173,target
500,0.245,0.0,173,target noiseless
500,0.144,21.12124982792102,174,off-target
500,0.1,0.0,174,off-target noiseless
500,0.797,0.9868648318287256,174,target
500,0.546,0.0,174,target noiseless
500,0.016,15.271092450167089,175,off-target
500,0.428,0.0,175,off-target noiseless
500,0.202,40.22833114475725,175,target
500,0.61,0.0,175,target noiseless
500,0.538,1.225659873855193,176,off-target
500,0.457,0.0,176,off-target noiseless
500,0.861,0.3530490080488704,176,target
500,0.84,0.0,176,target noiseless
500,0.041,12.705320981331681,177,off-target
500,0.413,0.0,177,off-target noiseless
500,0.493,18.456677167108865,177,target
500,0.27,0.0,177,target noiseless
500,0.626,0.0017503426196441296,178,off-target
500,0.615,0.0,178,off-target noiseless
500,0.651,10.824046410054734,178,target
500,0.415,0.0,178,target noiseless
500,0.111,26.059180063094573,179,off-target
500,0.511,0.0,179,off-target noiseless
500,0.815,39.505239058803454,179,target
500,0.18,0.0,179,target noiseless
500,0.035,27.4971851081375,180,off-target
500,0.136,0.0,180,off-target noiseless
500,0.842,2.806301781216817,180,target
500,0.325,0.0,180,target noiseless
500,0.019,14.107106478397554,181,off-target
500,0.913,0.0,181,off-target noiseless
500,0.076,56.421527296063005,181,target
500,0.578,0.0,181,target noiseless
500,0.286,17.842880769654812,182,off-target
500,0.162,0.0,182,off-target noiseless
500,0.801,137.0364721513406,182,target
500,0.409,0.0,182,target noiseless
500,0.013,13.003278601742352,183,off-target
500,0.265,0.0,183,off-target noiseless
500,0.1,2715.6716254448984,183,target
500,0.96,0.0,183,target noiseless
500,0.053,14.436555266804362,184,off-target
500,0.739,0.0,184,off-target noiseless
500,0.469,0.004124516073492401,184,target
500,0.491,0.0,184,target noiseless
500,0.101,23.111385775278904,185,off-target
500,0.611,0.0,185,off-target noiseless
500,0.958,44.33093228497091,185,target
500,0.372,0.0,185,target noiseless
500,0.421,1462196.9957258701,186,off-target
500,0.579,0.0,186,off-target noiseless
500,0.784,1.0430516567045203,186,target
500,0.449,0.0,186,target noiseless
500,0.31,14.029542467096917,187,off-target
500,0.295,0.0,187,off-target noiseless
500,0.134,155.64079177613985,187,target
500,0.076,0.0,187,target noiseless
500,0.07,56860.198457174934,188,off-target
500,0.837,0.0,188,off-target noiseless
500,0.109,41.0869977017901,188,target
500,0.922,0.0,188,target noiseless
500,0.315,11.17384096800015,189,off-target
500,0.784,0.0,189,off-target noiseless
500,0.292,26.756257247900294,189,target
500,0.377,0.0,189,target noiseless
500,0.029,12.321733516858387,190,off-target
500,0.084,0.0,190,off-target noiseless
500,0.91,11.586993927669255,190,target
500,0.876,0.0,190,target noiseless
500,0.14,10.287650826013817,191,off-target
500,0.057,0.0,191,off-target noiseless
500,0.418,107.1193493502542,191,target
500,0.024,0.0,191,target noiseless
500,0.556,8.63069084572112,192,off-target
500,0.88,0.0,192,off-target noiseless
500,0.637,9.865766509482366e-06,192,target
500,0.882,0.0,192,target noiseless
500,0.011,13.039521177205643,193,off-target
500,0.063,0.0,193,off-target noiseless
500,0.083,40.418177062980476,193,target
500,0.412,0.0,193,target noiseless
500,0.469,0.2612759093167938,194,off-target
500,0.129,0.0,194,off-target noiseless
500,0.463,67.27713197124922,194,target
500,0.04,0.0,194,target noiseless
500,0.056,21.009905177692417,195,off-target
500,0.624,0.0,195,off-target noiseless
500,0.11,4.5826918577404285,195,target
500,0.595,0.0,195,target noiseless
500,0.002,10.475494173217669,196,off-target
500,0.09,0.0,196,off-target noiseless
500,0.032,7193.518636401335,196,target
500,0.882,0.0,196,target noiseless
500,0.559,0.1778308403729092,197,off-target
500,0.758,0.0,197,off-target noiseless
500,0.032,207627.09576732013,197,target
500,0.358,0.0,197,target noiseless
500,0.034,107.7571132457897,198,off-target
500,0.131,0.0,198,off-target noiseless
500,0.901,23.089860931271687,198,target
500,0.482,0.0,198,target noiseless
500,0.473,11.343906006951329,199,off-target
500,0.969,0.0,199,off-target noiseless
500,0.906,2.4311832293256117,199,target
500,0.093,0.0,199,target noiseless
500,0.78,41318.57677415386,200,off-target
500,0.859,0.0,200,off-target noiseless
500,0.736,2.9675901450105044,200,target
500,0.418,0.0,200,target noiseless
500,0.062,71527.0931196548,201,off-target
500,0.194,0.0,201,off-target noiseless
500,0.097,8.222049361030258,201,target
500,0.938,0.0,201,target noiseless
500,0.807,0.3744045798904416,202,off-target
500,0.213,0.0,202,off-target noiseless
500,0.284,10.525726195092147,202,target
500,0.04,0.0,202,target noiseless
500,0.021,11.697421414357677,203,off-target
500,0.773,0.0,203,off-target noiseless
500,0.656,2.2191459464067975,203,target
500,0.901,0.0,203,target noiseless
500,0.788,71998.9836450899,204,off-target
500,0.161,0.0,204,off-target noiseless
500,0.824,12.802432542899624,204,target
500,0.587,0.0,204,target noiseless
500,0.007,12.95805103000481,205,off-target
500,0.798,0.0,205,off-target noiseless
500,0.293,25.695957530279202,205,target
500,0.863,0.0,205,target noiseless
500,0.383,0.9990701453808839,206,off-target
500,0.139,0.0,206,off-target noiseless
500,0.053,1709894.3141967207,206,target
500,0.185,0.0,206,target noiseless
500,0.773,19893.463378489017,207,off-target
500,0.496,0.0,207,off-target noiseless
500,0.156,18.9290501921505,207,target
500,0.436,0.0,207,target noiseless
500,0.393,11.013412551330987,208,off-target
500,0.346,0.0,208,off-target noiseless
500,0.4,7.58222171282091,208,target
500,0.702,0.0,208,target noiseless
500,0.697,22.624852522660376,209,off-target
500,0.189,0.0,209,off-target noiseless
500,0.688,66048.87451177835,209,target
500,0.665,0.0,209,target noiseless
500,0.022,14.03155362328198,210,off-target
500,0.486,0.0,210,off-target noiseless
500,0.823,3.1878593066640093,210,target
500,0.406,0.0,210,target noiseless
500,0.225,11.674300813265518,211,off-target
500,0.854,0.0,211,off-target noiseless
500,0.013,13.712052359185293,211,target
500,0.776,0.0,211,target noiseless
500,0.212,5.454468939730361,212,off-target
500,0.991,0.0,212,off-target noiseless
500,0.159,7.7371791786501944,212,target
500,0.024,0.0,212,target noiseless
500,0.178,95.71274279049612,213,off-target
500,0.555,0.0,213,off-target noiseless
500,0.809,23.611296363626252,213,target
500,0.964,0.0,213,target noiseless
500,0.278,20.809471112043866,214,off-target
500,0.73,0.0,214,off-target noiseless
500,0.998,10.723631500852719,214,target
500,0.475,0.0,214,target noiseless
500,0.133,18.849485909421674,215,off-target
500,0.884,0.0,215,off-target noiseless
500,0.246,179021.74980932474,215,target
500,0.334,0.0,215,target noiseless
500,0.931,0.31107221536572993,216,off-target
500,0.709,0.0,216,off-target noiseless
500,0.261,201258.83213829342,216,target
500,0.709,0.0,216,target noiseless
500,0.007,11.412200167284027,217,off-target
500,0.792,0.0,217,off-target noiseless
500,0.022,2.192325327911604,217,target
500,0.593,0.0,217,target noiseless
500,0.091,11.48581508796292,218,off-target
500,0.684,0.0,218,off-target noiseless
500,0.462,66.88015931215432,218,target
500,0.766,0.0,218,target noiseless
500,0.595,52.408752263954966,219,off-target
500,0.77,0.0,219,off-target noiseless
500,0.972,9.35873994621494,219,target
500,0.436,0.0,219,target noiseless
500,0.181,12.003410804118175,220,off-target
500,0.276,0.0,220,off-target noiseless
500,0.033,2.8841066966747917,220,target
500,0.475,0.0,220,target noiseless
500,0.507,708219.6339631677,221,off-target
500,0.95,0.0,221,off-target noiseless
500,0.961,8.10567849327549,221,target
500,0.427,0.0,221,target noiseless
500,0.336,19.232622395513545,222,off-target
500,0.682,0.0,222,off-target noiseless
500,0.893,0.8495281445285663,222,target
500,0.11,0.0,222,target noiseless
500,0.026,12.808223859174404,223,off-target
500,0.682,0.0,223,off-target noiseless
500,0.861,25.87765038616476,223,target
500,0.805,0.0,223,target noiseless
500,0.373,0.624285573113216,224,off-target
500,0.195,0.0,224,off-target noiseless
500,0.275,472359.87923675776,224,target
500,0.249,0.0,224,target noiseless
500,0.593,136.84032467496672,225,off-target
500,0.959,0.0,225,off-target noiseless
500,0.385,30525.415255465545,225,target
500,0.912,0.0,225,target noiseless
500,0.01,12.109764593448347,226,off-target
500,0.028,0.0,226,off-target noiseless
500,0.583,5.6790634952640175,226,target
500,0.046,0.0,226,target noiseless
500,0.149,18.55237400568535,227,off-target
500,0.521,0.0,227,off-target noiseless
500,0.8,57.074311886713986,227,target
500,0.357,0.0,227,target noiseless
500,0.241,17.7169744677542,228,off-target
500,0.717,0.0,228,off-target noiseless
500,0.877,23.356217693601366,228,target
500,0.537,0.0,228,target noiseless
500,0.632,16640.645692803897,229,off-target
500,0.284,0.0,229,off-target noiseless
500,0.058,0.00432316869002225,229,target
500,0.284,0.0,229,target noiseless
500,0.005,14.109527977934931,230,off-target
500,0.392,0.0,230,off-target noiseless
500,0.836,11.970668113152044,230,target
500,0.005,0.0,230,target noiseless
500,0.003,12.97223822410183,231,off-target
500,0.476,0.0,231,off-target noiseless
500,0.644,5.520268727657879,231,target
500,0.159,0.0,231,target noiseless
500,0.396,10.578410771472647,232,off-target
500,0.068,0.0,232,off-target noiseless
500,0.107,10.501316001096939,232,target
500,0.401,0.0,232,target noiseless
500,0.498,25.62396264076233,233,off-target
500,0.016,0.0,233,off-target noiseless
500,0.847,0.9576763247035593,233,target
500,0.247,0.0,233,target noiseless
500,0.541,12.758298509718088,234,off-target
500,0.329,0.0,234,off-target noiseless
500,0.229,6.990192906498635,234,target
500,0.416,0.0,234,target noiseless
500,0.836,214.62394184354707,235,off-target
500,0.858,0.0,235,off-target noiseless
500,0.869,1196.485000264147,235,target
500,0.878,0.0,235,target noiseless
500,0.367,8.677527330050964,236,off-target
500,0.336,0.0,236,off-target noiseless
500,0.711,24.773407778735418,236,target
500,0.388,0.0,236,target noiseless
500,0.111,104.38800506481493,237,off-target
500,0.937,0.0,237,off-target noiseless
500,0.783,14.92810885082605,237,target
500,0.379,0.0,237,target noiseless
500,0.002,7.572751298243986,238,off-target
500,0.098,0.0,238,off-target noiseless
500,0.682,24.07977277271698,238,target
500,0.775,0.0,238,target noiseless
500,0.195,12.780582723652515,239,off-target
500,0.479,0.0,239,off-target noiseless
500,0.476,555.3230938312518,239,target
500,0.139,0.0,239,target noiseless
500,0.38,15.795654821300559,240,off-target
500,0.676,0.0,240,off-target noiseless
500,0.36,86923.98318900168,240,target
500,0.421,0.0,240,target noiseless
500,0.716,5398.327631784836,241,off-target
500,0.775,0.0,241,off-target noiseless
500,0.997,2.0933668212870202,241,target
500,0.758,0.0,241,target noiseless
500,0.133,10.423374720008724,242,off-target
500,0.207,0.0,242,off-target noiseless
500,0.391,9.171928263691598,242,target
500,0.933,0.0,242,target noiseless
500,0.914,17.616922645089517,243,off-target
500,0.665,0.0,243,off-target noiseless
500,0.331,74.51349798098454,243,target
500,0.805,0.0,243,target noiseless
500,0.152,10.835019740850441,244,off-target
500,0.878,0.0,244,off-target noiseless
500,0.735,2.8605216140262115,244,target
500,0.159,0.0,244,target noiseless
500,0.005,11.991360494317632,245,off-target
500,0.592,0.0,245,off-target noiseless
500,0.153,19.018683364786057,245,target
500,0.751,0.0,245,target noiseless
500,0.198,13.530144506763065,246,off-target
500,0.489,0.0,246,off-target noiseless
500,0.268,3034702.221788779,246,target
500,0.398,0.0,246,target noiseless
500,0.397,15.005190755255171,247,off-target
500,0.783,0.0,247,off-target noiseless
500,0.369,111421.1686950326,247,target
500,0.358,0.0,247,target noiseless
500,0.388,26.79344045376729,248,off-target
500,0.531,0.0,248,off-target noiseless
500,0.951,11.862916280465981,248,target
500,0.044,0.0,248,target noiseless
500,0.074,14.656678627891381,249,off-target
500,0.779,0.0,249,off-target noiseless
500,0.865,634.2391405930393,249,target
500,0.881,0.0,249,target noiseless
500,0.005,22.37884140315964,250,off-target
500,0.184,0.0,250,off-target noiseless
500,0.658,0.2756388689832079,250,target
500,0.61,0.0,250,target noiseless
500,0.181,12.289378290097375,251,off-target
500,0.224,0.0,251,off-target noiseless
500,0.869,15.334347437216422,251,target
500,0.944,0.0,251,target noiseless
500,0.946,37471.17901709769,252,off-target
500,0.515,0.0,252,off-target noiseless
500,0.308,0.5527417223451181,252,target
500,0.494,0.0,252,target noiseless
500,0.225,14.444859780006084,253,off-target
500,0.4,0.0,253,off-target noiseless
500,0.195,2.0385571818661816,253,target
500,0.11,0.0,253,target noiseless
500,0.022,11.374535822064047,254,off-target
500,0.706,0.0,254,off-target noiseless
500,0.982,526412.068099156,254,target
500,0.402,0.0,254,target noiseless
500,0.0,12.459836016098564,255,off-target
500,0.805,0.0,255,off-target noiseless
500,0.704,13.835585281081876,255,target
500,0.868,0.0,255,target noiseless
500,0.066,10.33631796323698,256,off-target
500,0.954,0.0,256,off-target noiseless
500,0.754,1.5269224050717298,256,target
500,0.515,0.0,256,target noiseless
500,0.021,13.39295499927681,257,off-target
500,0.826,0.0,257,off-target noiseless
500,0.26,10.195994035575723,257,target
500,0.026,0.0,257,target noiseless
500,0.122,18.20295711588392,258,off-target
500,0.063,0.0,258,off-target noiseless
500,0.18,428815.3008990325,258,target
500,0.44,0.0,258,target noiseless
500,0.352,6543.192001257325,259,off-target
500,0.708,0.0,259,off-target noiseless
500,0.919,22.086771091207083,259,target
500,0.907,0.0,259,target noiseless
500,0.876,164494.67992477957,260,off-target
500,0.709,0.0,260,off-target noiseless
500,0.538,600761.3328087367,260,target
500,0.433,0.0,260,target noiseless
500,0.005,16.818000161984173,261,off-target
500,0.825,0.0,261,off-target noiseless
500,0.98,6771.516175414959,261,target
500,0.337,0.0,261,target noiseless
500,0.003,11.615458506639698,262,off-target
500,0.461,0.0,262,off-target noiseless
500,0.114,7.336698894120275,262,target
500,0.7,0.0,262,target noiseless
500,0.036,10.143750798426709,263,off-target
500,0.597,0.0,263,off-target noiseless
500,0.34,0.0002082942638297969,263,target
500,0.882,0.0,263,target noiseless
500,0.88,14.813325242197607,264,off-target
500,0.514,0.0,264,off-target noiseless
500,0.832,159678.9941769326,264,target
500,0.984,0.0,264,target noiseless
500,0.034,22.17804581792825,265,off-target
500,0.488,0.0,265,off-target noiseless
500,0.244,8.319890642294979,265,target
500,0.081,0.0,265,target noiseless
500,0.002,10.28841402326725,266,off-target
500,0.273,0.0,266,off-target noiseless
500,0.335,64.47164517387228,266,target
500,0.93,0.0,266,target noiseless
500,0.706,13.358128986220038,267,off-target
500,0.329,0.0,267,off-target noiseless
500,0.646,0.20536829044027627,267,target
500,0.439,0.0,267,target noiseless
500,0.912,33217.09816046152,268,off-target
500,0.421,0.0,268,off-target noiseless
500,0.74,0.0005598449792694332,268,target
500,0.856,0.0,268,target noiseless
500,0.028,20.078052877812297,269,off-target
500,0.153,0.0,269,off-target noiseless
500,0.786,31.459396262085647,269,target
500,0.222,0.0,269,target noiseless
500,0.009,16.140945484863778,270,off-target
500,0.328,0.0,270,off-target noiseless
500,0.975,39.456162241185666,270,target
500,0.487,0.0,270,target noiseless
500,0.027,10.188065893864632,271,off-target
500,0.66,0.0,271,off-target noiseless
500,0.376,1.8565367101700758,271,target
500,0.297,0.0,271,target noiseless
500,0.259,11.36392103967006,272,off-target
500,0.594,0.0,272,off-target noiseless
500,0.785,7.696975189288935,272,target
500,0.761,0.0,272,target noiseless
500,0.003,12.825938667221237,273,off-target
500,0.9,0.0,273,off-target noiseless
500,0.119,1.569151192866741,273,target
500,0.672,0.0,273,target noiseless
500,0.17,11.429718422403369,274,off-target
500,0.385,0.0,274,off-target noiseless
500,0.747,39.018422885148766,274,target
500,0.823,0.0,274,target noiseless
500,0.327,14.119083465601761,275,off-target
500,0.474,0.0,275,off-target noiseless
500,0.867,19.844050398329273,275,target
500,0.836,0.0,275,target noiseless
500,0.825,1297.2238911071472,276,off-target
500,0.598,0.0,276,off-target noiseless
500,0.684,42904.457141175866,276,target
500,0.679,0.0,276,target noiseless
500,0.058,9.921198377383064,277,off-target
500,0.269,0.0,277,off-target noiseless
500,0.302,26.01778159160517,277,target
500,0.718,0.0,277,target noiseless
500,0.019,22.261111717092717,278,off-target
500,0.21,0.0,278,off-target noiseless
500,0.922,13.161353113157531,278,target
500,0.771,0.0,278,target noiseless
500,0.203,17.660351859814,279,off-target
500,0.274,0.0,279,off-target noiseless
500,0.536,134.2125352369194,279,target
500,0.356,0.0,279,target noiseless
500,0.708,6572.587310639734,280,off-target
500,0.676,0.0,280,off-target noiseless
500,0.742,17.10857999883069,280,target
500,0.838,0.0,280,target noiseless
500,0.044,11.467163915400306,281,off-target
500,0.442,0.0,281,off-target noiseless
500,0.793,14.603383487661858,281,target
500,0.511,0.0,281,target noiseless
500,0.185,12.917234320339105,282,off-target
500,0.067,0.0,282,off-target noiseless
500,0.628,17.57636551400742,282,target
500,0.458,0.0,282,target noiseless
500,0.197,13.142787485867814,283,off-target
500,0.646,0.0,283,off-target noiseless
500,0.547,130.5791198560073,283,target
500,0.517,0.0,283,target noiseless
500,0.342,12.591101421204257,284,off-target
500,0.391,0.0,284,off-target noiseless
500,0.902,5.318601454362636,284,target
500,0.36,0.0,284,target noiseless
500,0.689,9.761013635115035,285,off-target
500,0.798,0.0,285,off-target noiseless
500,0.604,13.389337751396852,285,target
500,0.876,0.0,285,target noiseless
500,0.004,10.36393414111103,286,off-target
500,0.002,0.0,286,off-target noiseless
500,0.755,14.44558289120414,286,target
500,0.737,0.0,286,target noiseless
500,0.092,9.113329178988408,287,off-target
500,0.677,0.0,287,off-target noiseless
500,0.93,10.32152024484185,287,target
500,0.687,0.0,287,target noiseless
500,0.02,25.66782001447814,288,off-target
500,0.928,0.0,288,off-target noiseless
500,0.21,2189.3752251473634,288,target
500,0.988,0.0,288,target noiseless
500,0.111,0.9143366850891113,289,off-target
500,0.054,0.0,289,off-target noiseless
500,0.094,10.912264376032965,289,target
500,0.758,0.0,289,target noiseless
500,0.012,11.564122224113817,290,off-target
500,0.178,0.0,290,off-target noiseless
500,0.918,0.000281526963189508,290,target
500,0.776,0.0,290,target noiseless
500,0.129,18.780192664746437,291,off-target
500,0.226,0.0,291,off-target noiseless
500,0.073,0.001176848790468421,291,target
500,0.894,0.0,291,target noiseless
500,0.236,10.877367642929642,292,off-target
500,0.994,0.0,292,off-target noiseless
500,0.306,1.0438132097081052,292,target
500,0.318,0.0,292,target noiseless
500,0.001,14.388532765990249,293,off-target
500,0.267,0.0,293,off-target noiseless
500,0.025,100.80018215525433,293,target
500,0.689,0.0,293,target noiseless
500,0.03,23.162409777620496,294,off-target
500,0.743,0.0,294,off-target noiseless
500,0.132,34.42640712991215,294,target
500,0.05,0.0,294,target noiseless
500,0.16,11.580255638073368,295,off-target
500,0.515,0.0,295,off-target noiseless
500,0.986,16898.393287701765,295,target
500,0.028,0.0,295,target noiseless
500,0.0,14.926846866734422,296,off-target
500,0.806,0.0,296,off-target noiseless
500,0.607,18.61302454736142,296,target
500,0.919,0.0,296,target noiseless
500,0.192,6.033831448533022,297,off-target
500,0.78,0.0,297,off-target noiseless
500,0.025,6.587481275292021,297,target
500,0.762,0.0,297,target noiseless
500,0.276,47.02647139183773,298,off-target
500,0.333,0.0,298,off-target noiseless
500,0.827,59.14555446873783,298,target
500,0.393,0.0,298,target noiseless
500,0.02,13.38975476567208,299,off-target
500,0.689,0.0,299,off-target noiseless
500,0.616,1.2480885649986985e-05,299,target
500,0.283,0.0,299,target noiseless
500,0.0,22.064066930381387,300,off-target
500,0.761,0.0,300,off-target noiseless
500,0.384,12.811565467596665,300,target
500,0.486,0.0,300,target noiseless
500,0.04,14.05169992465295,301,off-target
500,0.868,0.0,301,off-target noiseless
500,0.268,1442844.3719568253,301,target
500,0.572,0.0,301,target noiseless
500,0.005,10.553868269817542,302,off-target
500,0.116,0.0,302,off-target noiseless
500,0.692,1.535179397713037,302,target
500,0.337,0.0,302,target noiseless
500,0.005,14.498878255486488,303,off-target
500,0.595,0.0,303,off-target noiseless
500,0.43,12.176382613050066,303,target
500,0.181,0.0,303,target noiseless
500,0.002,14.151796147700736,304,off-target
500,0.374,0.0,304,off-target noiseless
500,0.493,2228109.4129992127,304,target
500,0.691,0.0,304,target noiseless
500,0.067,5249.746085139981,305,off-target
500,0.263,0.0,305,off-target noiseless
500,0.771,72.51853289666178,305,target
500,0.647,0.0,305,target noiseless
500,0.136,16.514903350144778,306,off-target
500,0.41,0.0,306,off-target noiseless
500,0.553,158.8481734025445,306,target
500,0.494,0.0,306,target noiseless
500,0.136,16.291865436307717,307,off-target
500,0.13,0.0,307,off-target noiseless
500,0.693,9.5981774855411,307,target
500,0.314,0.0,307,target noiseless
500,0.168,9.754001084934828,308,off-target
500,0.205,0.0,308,off-target noiseless
500,0.862,0.47040423673871956,308,target
500,0.546,0.0,308,target noiseless
500,0.114,11.743809669033226,309,off-target
500,0.691,0.0,309,off-target noiseless
500,0.258,3.7553305337513763,309,target
500,0.076,0.0,309,target noiseless
500,0.571,17.878400717600925,310,off-target
500,0.217,0.0,310,off-target noiseless
500,0.414,1935408.7737780213,310,target
500,0.351,0.0,310,target noiseless
500,0.001,16.520465293571988,311,off-target
500,0.12,0.0,311,off-target noiseless
500,0.336,17.91927637557842,311,target
500,0.337,0.0,311,target noiseless
500,0.332,10.657431280473247,312,off-target
500,0.737,0.0,312,off-target noiseless
500,0.893,19.17246472617626,312,target
500,0.773,0.0,312,target noiseless
500,0.33,9.821573829881856,313,off-target
500,0.756,0.0,313,off-target noiseless
500,0.744,5.279251852518655,313,target
500,0.496,0.0,313,target noiseless
500,0.533,192.46815068181968,314,off-target
500,0.521,0.0,314,off-target noiseless
500,0.191,7.067326652359952,314,target
500,0.716,0.0,314,target noiseless
500,0.035,12.40929653031435,315,off-target
500,0.127,0.0,315,off-target noiseless
500,0.946,1.2702214757571875e-05,315,target
500,0.981,0.0,315,target noiseless
500,0.16,10.206930733539195,316,off-target
500,0.063,0.0,316,off-target noiseless
500,0.227,0.0005231309828135494,316,target
500,0.186,0.0,316,target noiseless
500,0.409,11.542849364479991,317,off-target
500,0.172,0.0,317,off-target noiseless
500,0.521,0.9565372519428053,317,target
500,0.956,0.0,317,target noiseless
500,0.091,13.314255693261657,318,off-target
500,0.348,0.0,318,off-target noiseless
500,0.304,2.5319398041594923,318,target
500,0.023,0.0,318,target noiseless
500,0.119,3.172925457788608,319,off-target
500,0.067,0.0,319,off-target noiseless
500,0.067,4.4854807760776225,319,target
500,0.913,0.0,319,target noiseless
500,0.14,1.6042604933591207,320,off-target
500,0.24,0.0,320,off-target noiseless
500,0.2,0.0059349850811907245,320,target
500,0.085,0.0,320,target noiseless
500,0.034,14.672384176746164,321,off-target
500,0.724,0.0,321,off-target noiseless
500,0.193,11402879.148504496,321,target
500,0.214,0.0,321,target noiseless
500,0.589,55.79219886522333,322,off-target
500,0.983,0.0,322,off-target noiseless
500,0.2,0.001286648666845594,322,target
500,0.661,0.0,322,target noiseless
500,0.251,12.02462915343881,323,off-target
500,0.951,0.0,323,off-target noiseless
500,0.42,1.6726616678288906,323,target
500,0.702,0.0,323,target noiseless
500,0.723,2.081791336248685,324,off-target
500,0.674,0.0,324,off-target noiseless
500,0.811,6868.614651345648,324,target
500,0.734,0.0,324,target noiseless
500,0.632,9579.442445894761,325,off-target
500,0.676,0.0,325,off-target noiseless
500,0.852,20.846653294944417,325,target
500,0.122,0.0,325,target noiseless
500,0.04,411.4912784183398,326,off-target
500,0.547,0.0,326,off-target noiseless
500,0.66,65.65280834156147,326,target
500,0.019,0.0,326,target noiseless
500,0.059,32.37457042250048,327,off-target
500,0.053,0.0,327,off-target noiseless
500,0.576,484920.2043742277,327,target
500,0.598,0.0,327,target noiseless
500,0.733,5.721987741792475,328,off-target
500,0.75,0.0,328,off-target noiseless
500,0.947,4.258783724486648,328,target
500,0.975,0.0,328,target noiseless
500,0.13,10.697249086579689,329,off-target
500,0.235,0.0,329,off-target noiseless
500,0.935,0.8263285339935464,329,target
500,0.948,0.0,329,target noiseless
500,0.296,9.539498068625107,330,off-target
500,0.673,0.0,330,off-target noiseless
500,0.742,3452349.076699257,330,target
500,0.621,0.0,330,target noiseless
500,0.226,23.801032250603612,331,off-target
500,0.195,0.0,331,off-target noiseless
500,0.187,1793432.641720906,331,target
500,0.324,0.0,331,target noiseless
500,0.391,20.365301239546397,332,off-target
500,0.952,0.0,332,off-target noiseless
500,0.651,6956.090931762243,332,target
500,0.157,0.0,332,target noiseless
500,0.461,0.32446057653578464,333,off-target
500,0.089,0.0,333,off-target noiseless
500,0.451,7.029943926228555,333,target
500,0.211,0.0,333,target noiseless
500,0.438,51.66162998535242,334,off-target
500,0.385,0.0,334,off-target noiseless
500,0.383,5.218606387391048,334,target
500,0.41,0.0,334,target noiseless
500,0.675,21888.176686823368,335,off-target
500,0.608,0.0,335,off-target noiseless
500,0.682,8.53468284783645,335,target
500,0.31,0.0,335,target noiseless
500,0.147,10.668807340573267,336,off-target
500,0.783,0.0,336,off-target noiseless
500,0.931,4.3694182287893,336,target
500,0.798,0.0,336,target noiseless
500,0.469,20.721533580019468,337,off-target
500,0.685,0.0,337,off-target noiseless
500,0.811,12.238959178706011,337,target
500,0.706,0.0,337,target noiseless
500,0.053,14.509309348431998,338,off-target
500,0.587,0.0,338,off-target noiseless
500,0.037,12.356492888456216,338,target
500,0.896,0.0,338,target noiseless
500,0.651,29.393517596787433,339,off-target
500,0.942,0.0,339,off-target noiseless
500,0.431,0.1797856499288395,339,target
500,0.01,0.0,339,target noiseless
500,0.441,12.065184123526706,340,off-target
500,0.304,0.0,340,off-target noiseless
500,0.32,845174.8626034297,340,target
500,0.397,0.0,340,target noiseless
500,0.403,28.086297214469823,341,off-target
500,0.414,0.0,341,off-target noiseless
500,0.986,2.0741464272897616,341,target
500,0.468,0.0,341,target noiseless
500,0.166,12.791082360359951,342,off-target
500,0.291,0.0,342,off-target noiseless
500,0.598,25.77659860654444,342,target
500,0.303,0.0,342,target noiseless
500,0.077,14.253992031593953,343,off-target
500,0.35,0.0,343,off-target noiseless
500,0.954,814.4957250715379,343,target
500,0.931,0.0,343,target noiseless
500,0.007,13.014860141627253,344,off-target
500,0.527,0.0,344,off-target noiseless
500,0.702,13.50352363177899,344,target
500,0.586,0.0,344,target noiseless
500,0.007,18.484060058887053,345,off-target
500,0.131,0.0,345,off-target noiseless
500,0.845,14.012233910649229,345,target
500,0.714,0.0,345,target noiseless
500,0.337,3911.51844162996,346,off-target
500,0.838,0.0,346,off-target noiseless
500,0.682,11.50321830161198,346,target
500,0.178,0.0,346,target noiseless
500,0.231,11.065470189826158,347,off-target
500,0.202,0.0,347,off-target noiseless
500,0.577,2.5601210036271027,347,target
500,0.371,0.0,347,target noiseless
500,0.053,17.747896994075063,348,off-target
500,0.425,0.0,348,off-target noiseless
500,0.045,40.27472032578976,348,target
500,0.036,0.0,348,target noiseless
500,0.082,25.157996110684508,349,off-target
500,0.733,0.0,349,off-target noiseless
500,0.245,11.235279037865439,349,target
500,0.065,0.0,349,target noiseless
500,0.002,20.030276201401875,350,off-target
500,0.913,0.0,350,off-target noiseless
500,0.802,0.7721735344628691,350,target
500,0.278,0.0,350,target noiseless
500,0.015,14.420011347192485,351,off-target
500,0.095,0.0,351,off-target noiseless
500,0.755,27.089452979672387,351,target
500,0.705,0.0,351,target noiseless
500,0.014,13.039550449049386,352,off-target
500,0.346,0.0,352,off-target noiseless
500,0.319,38.60003361851341,352,target
500,0.843,0.0,352,target noiseless
500,0.137,12.74581197710637,353,off-target
500,0.837,0.0,353,off-target noiseless
500,0.516,11.963728442788124,353,target
500,0.064,0.0,353,target noiseless
500,0.115,11.244312923820928,354,off-target
500,0.714,0.0,354,off-target noiseless
500,0.088,4744.203880894987,354,target
500,0.145,0.0,354,target noiseless
500,0.393,17.091354161575737,355,off-target
500,0.217,0.0,355,off-target noiseless
500,0.125,0.057146028569437846,355,target
500,0.413,0.0,355,target noiseless
500,0.17,17.47933551706069,356,off-target
500,0.702,0.0,356,off-target noiseless
500,0.126,22438.591761648655,356,target
500,0.332,0.0,356,target noiseless
500,0.186,21.853446666639,357,off-target
500,0.51,0.0,357,off-target noiseless
500,0.231,275845.8236307837,357,target
500,0.304,0.0,357,target noiseless
500,0.124,9.251358049334385,358,off-target
500,0.663,0.0,358,off-target noiseless
500,0.431,9.707091804762058,358,target
500,0.799,0.0,358,target noiseless
500,0.283,74681.54074120894,359,off-target
500,0.965,0.0,359,off-target noiseless
500,0.432,30629.229882374406,359,target
500,0.86,0.0,359,target noiseless
500,0.023,11.66170365763628,360,off-target
500,0.896,0.0,360,off-target noiseless
500,0.508,8.463569216774033,360,target
500,0.515,0.0,360,target noiseless
500,0.143,19985.02683788538,361,off-target
500,0.169,0.0,361,off-target noiseless
500,0.612,146.89393488501173,361,target
500,0.044,0.0,361,target noiseless
500,0.072,11.130971768750953,362,off-target
500,0.005,0.0,362,off-target noiseless
500,0.012,29.863771946162387,362,target
500,0.558,0.0,362,target noiseless
500,0.654,16.805878262485066,363,off-target
500,0.755,0.0,363,off-target noiseless
500,0.397,1.3261940991323087,363,target
500,0.349,0.0,363,target noiseless
500,0.047,7.8568890449807895,364,off-target
500,0.667,0.0,364,off-target noiseless
500,0.861,8.63682347264563,364,target
500,0.671,0.0,364,target noiseless
500,0.442,45.17352295780279,365,off-target
500,0.753,0.0,365,off-target noiseless
500,0.406,18.77052716218168,365,target
500,0.702,0.0,365,target noiseless
500,0.047,12.285682637527827,366,off-target
500,0.237,0.0,366,off-target noiseless
500,0.753,533294.8362920433,366,target
500,0.407,0.0,366,target noiseless
500,0.012,12.80920513411553,367,off-target
500,0.822,0.0,367,off-target noiseless
500,0.841,26.50950694941662,367,target
500,0.281,0.0,367,target noiseless
500,0.41,449361.8887717873,368,off-target
500,0.544,0.0,368,off-target noiseless
500,0.942,10.796591185328225,368,target
500,0.213,0.0,368,target noiseless
500,0.007,10.790993736457096,369,off-target
500,0.591,0.0,369,off-target noiseless
500,0.959,16.191053865179356,369,target
500,0.878,0.0,369,target noiseless
500,0.04,13.386406620921662,370,off-target
500,0.947,0.0,370,off-target noiseless
500,0.019,20.869863811903087,370,target
500,0.341,0.0,370,target noiseless
500,0.149,11.85148827518384,371,off-target
500,0.426,0.0,371,off-target noiseless
500,0.769,6.125684716847047,371,target
500,0.205,0.0,371,target noiseless
500,0.13,6.274196633594556,372,off-target
500,0.015,0.0,372,off-target noiseless
500,0.281,583.0437728881407,372,target
500,0.214,0.0,372,target noiseless
500,0.023,30.85436781523663,373,off-target
500,0.549,0.0,373,off-target noiseless
500,0.079,0.5269500990949041,373,target
500,0.676,0.0,373,target noiseless
500,0.798,34.41321958587855,374,off-target
500,0.694,0.0,374,off-target noiseless
500,0.301,50.77852939108402,374,target
500,0.718,0.0,374,target noiseless
500,0.018,17.889463322308302,375,off-target
500,0.102,0.0,375,off-target noiseless
500,0.066,1.0755590133729953,375,target
500,0.967,0.0,375,target noiseless
500,0.16,1339136.0237810612,376,off-target
500,0.056,0.0,376,off-target noiseless
500,0.95,8.800606454502336e-06,376,target
500,0.648,0.0,376,target noiseless
500,0.184,250.79869453204537,377,off-target
500,0.262,0.0,377,off-target noiseless
500,0.092,78.18202661945543,377,target
500,0.768,0.0,377,target noiseless
500,0.13,10.175034094495516,378,off-target
500,0.673,0.0,378,off-target noiseless
500,0.718,19820.19813946099,378,target
500,0.828,0.0,378,target noiseless
500,0.012,13.869807784035913,379,off-target
500,0.359,0.0,379,off-target noiseless
500,0.685,16783940.673713923,379,target
500,0.463,0.0,379,target noiseless
500,0.007,12.526274644628813,380,off-target
500,0.626,0.0,380,off-target noiseless
500,0.876,33.82708162554286,380,target
500,0.724,0.0,380,target noiseless
500,0.141,1.3407472614478735,381,off-target
500,0.661,0.0,381,off-target noiseless
500,0.613,8.79380207768213,381,target
500,0.934,0.0,381,target noiseless
500,0.378,16.034786037672347,382,off-target
500,0.005,0.0,382,off-target noiseless
500,0.19,9846.374018635834,382,target
500,0.942,0.0,382,target noiseless
500,0.002,15.68160974350127,383,off-target
500,0.571,0.0,383,off-target noiseless
500,0.409,13.163742209962948,383,target
500,0.706,0.0,383,target noiseless
500,0.359,14.690364299695432,384,off-target
500,0.087,0.0,384,off-target noiseless
500,0.457,0.017871864551605166,384,target
500,0.188,0.0,384,target noiseless
500,0.057,5.127798920847454,385,off-target
500,0.831,0.0,385,off-target noiseless
500,0.811,2.383058946099709,385,target
500,0.299,0.0,385,target noiseless
500,0.013,14.052749178892782,386,off-target
500,0.83,0.0,386,off-target noiseless
500,0.594,19.319260727576193,386,target
500,0.192,0.0,386,target noiseless
500,0.053,12.98775635399494,387,off-target
500,0.009,0.0,387,off-target noiseless
500,0.141,2.086001617284637,387,target
500,0.686,0.0,387,target noiseless
500,0.0,12.868997137419683,388,off-target
500,0.113,0.0,388,off-target noiseless
500,0.366,72.17785634386473,388,target
500,0.406,0.0,388,target noiseless
500,0.284,1990.1699163616286,389,off-target
500,0.013,0.0,389,off-target noiseless
500,0.161,1.7041908900864655,389,target
500,0.903,0.0,389,target noiseless
500,0.001,9.37504703771134,390,off-target
500,0.665,0.0,390,off-target noiseless
500,0.397,2547.112823756892,390,target
500,0.135,0.0,390,target noiseless
500,0.491,20.3498365534781,391,off-target
500,0.959,0.0,391,off-target noiseless
500,0.793,18.441537381746457,391,target
500,0.247,0.0,391,target noiseless
500,0.891,0.00838456638354046,392,off-target
500,0.167,0.0,392,off-target noiseless
500,0.558,0.21109203548075417,392,target
500,0.399,0.0,392,target noiseless
500,0.044,10.924335092342744,393,off-target
500,0.23,0.0,393,off-target noiseless
500,0.422,10.997513050460839,393,target
500,0.837,0.0,393,target noiseless
500,0.01,23.618627987753143,394,off-target
500,0.325,0.0,394,off-target noiseless
500,0.147,1.0734010059327517,394,target
500,0.665,0.0,394,target noiseless
500,0.195,11.962065991960117,395,off-target
500,0.975,0.0,395,off-target noiseless
500,0.121,20.8104064616075,395,target
500,0.877,0.0,395,target noiseless
500,0.813,16.977683975347645,396,off-target
500,0.826,0.0,396,off-target noiseless
500,0.783,2.55856862054884,396,target
500,0.484,0.0,396,target noiseless
500,0.016,13.01131840191374,397,off-target
500,0.122,0.0,397,off-target noiseless
500,0.785,7.683042003145829,397,target
500,0.118,0.0,397,target noiseless
500,0.073,10.82384403704333,398,off-target
500,0.349,0.0,398,off-target noiseless
500,0.142,202.58018366830947,398,target
500,0.163,0.0,398,target noiseless
500,0.0,17.77090556870462,399,off-target
500,0.086,0.0,399,off-target noiseless
500,0.17,6432.670983491698,399,target
500,0.02,0.0,399,target noiseless
500,0.142,14.259501398963948,400,off-target
500,0.336,0.0,400,off-target noiseless
500,0.3,5.670682669943062,400,target
500,0.991,0.0,400,target noiseless
500,0.477,19.0540971974051,401,off-target
500,0.402,0.0,401,off-target noiseless
500,0.19,10.62382131067352,401,target
500,0.252,0.0,401,target noiseless
500,0.975,2.8880975374323867,402,off-target
500,0.534,0.0,402,off-target noiseless
500,0.519,5.016148579097944,402,target
500,0.005,0.0,402,target noiseless
500,0.497,9.624304788318113,403,off-target
500,0.975,0.0,403,off-target noiseless
500,0.527,38.042838527872846,403,target
500,0.37,0.0,403,target noiseless
500,0.075,13.682614235713345,404,off-target
500,0.694,0.0,404,off-target noiseless
500,0.119,1.727950611298695,404,target
500,0.936,0.0,404,target noiseless
500,0.029,8.50547492228202,405,off-target
500,0.193,0.0,405,off-target noiseless
500,0.389,24.70473253008913,405,target
500,0.775,0.0,405,target noiseless
500,0.17,12.217615816246564,406,off-target
500,0.192,0.0,406,off-target noiseless
500,0.967,15.173448699565654,406,target
500,0.56,0.0,406,target noiseless
500,0.175,14.034659946103659,407,off-target
500,0.673,0.0,407,off-target noiseless
500,0.542,4.25850622964299,407,target
500,0.137,0.0,407,target noiseless
500,0.092,14.26048635554622,408,off-target
500,0.68,0.0,408,off-target noiseless
500,0.009,9.36127541322827,408,target
500,0.444,0.0,408,target noiseless
500,0.547,29.095648107141642,409,off-target
500,0.827,0.0,409,off-target noiseless
500,0.307,7918325.319696009,409,target
500,0.204,0.0,409,target noiseless
500,0.036,9.39774352483488,410,off-target
500,0.809,0.0,410,off-target noiseless
500,0.391,2.6048142539292627,410,target
500,0.888,0.0,410,target noiseless
500,0.44,0.18098792078565484,411,off-target
500,0.039,0.0,411,off-target noiseless
500,0.007,16.7115943868705,411,target
500,0.144,0.0,411,target noiseless
500,0.046,11.317313043372451,412,off-target
500,0.865,0.0,412,off-target noiseless
500,0.403,15.51914628163155,412,target
500,0.422,0.0,412,target noiseless
500,0.037,10.041590331039117,413,off-target
500,0.19,0.0,413,off-target noiseless
500,0.937,16342376.705417693,413,target
500,0.718,0.0,413,target noiseless
500,0.961,396.81681356929766,414,off-target
500,0.263,0.0,414,off-target noiseless
500,0.091,88.58728227468328,414,target
500,0.895,0.0,414,target noiseless
500,0.011,15.437529206210513,415,off-target
500,0.093,0.0,415,off-target noiseless
500,0.034,49.84023277858091,415,target
500,0.115,0.0,415,target noiseless
500,0.103,9.176603444887462,416,off-target
500,0.24,0.0,416,off-target noiseless
500,0.357,8414.849820588774,416,target
500,0.145,0.0,416,target noiseless
500,0.063,13.975252953286144,417,off-target
500,0.87,0.0,417,off-target noiseless
500,0.877,5.229146320715699,417,target
500,0.732,0.0,417,target noiseless
500,0.052,10.738331779430155,418,off-target
500,0.057,0.0,418,off-target noiseless
500,0.77,1.854512754958705,418,target
500,0.099,0.0,418,target noiseless
500,0.061,12.242407545056494,419,off-target
500,0.101,0.0,419,off-target noiseless
500,0.118,7624.173453223193,419,target
500,0.92,0.0,419,target noiseless
500,0.082,14.398345093837861,420,off-target
500,0.669,0.0,420,off-target noiseless
500,0.412,14.374346627082616,420,target
500,0.719,0.0,420,target noiseless
500,0.0,13.932621157109907,421,off-target
500,0.13,0.0,421,off-target noiseless
500,0.885,25.1364370941601,421,target
500,0.237,0.0,421,target noiseless
500,0.737,9.298810380647637,422,off-target
500,0.433,0.0,422,off-target noiseless
500,0.377,1.2871857938768159,422,target
500,0.088,0.0,422,target noiseless
500,0.416,15.733185013436923,423,off-target
500,0.51,0.0,423,off-target noiseless
500,0.739,5.857445890960889,423,target
500,0.378,0.0,423,target noiseless
500,0.558,27.110175170997536,424,off-target
500,0.95,0.0,424,off-target noiseless
500,0.084,5.73539110228063,424,target
500,0.052,0.0,424,target noiseless
500,0.103,244074.02235493902,425,off-target
500,0.207,0.0,425,off-target noiseless
500,0.718,20948397.105915308,425,target
500,0.494,0.0,425,target noiseless
500,0.128,14.794853658714601,426,off-target
500,0.838,0.0,426,off-target noiseless
500,0.251,11.905851609583124,426,target
500,0.451,0.0,426,target noiseless
500,0.284,12.912573261546697,427,off-target
500,0.075,0.0,427,off-target noiseless
500,0.772,35.04638396606629,427,target
500,0.232,0.0,427,target noiseless
500,0.046,10.36245283707018,428,off-target
500,0.757,0.0,428,off-target noiseless
500,0.282,3.5496947560824452,428,target
500,0.347,0.0,428,target noiseless
500,0.959,24054129.829102516,429,off-target
500,0.037,0.0,429,off-target noiseless
500,0.56,3.111766440889369,429,target
500,0.911,0.0,429,target noiseless
500,0.044,19.459893234747142,430,off-target
500,0.417,0.0,430,off-target noiseless
500,0.601,22.941893295325144,430,target
500,0.931,0.0,430,target noiseless
500,0.493,7.8555765768978745,431,off-target
500,0.653,0.0,431,off-target noiseless
500,0.593,182973.74371663574,431,target
500,0.964,0.0,431,target noiseless
500,0.891,19.967118467615364,432,off-target
500,0.332,0.0,432,off-target noiseless
500,0.67,10.393388757948742,432,target
500,0.964,0.0,432,target noiseless
500,0.003,9.892448101778939,433,off-target
500,0.86,0.0,433,off-target noiseless
500,0.93,4.768880313175089,433,target
500,0.901,0.0,433,target noiseless
500,0.001,17.05668825749308,434,off-target
500,0.59,0.0,434,off-target noiseless
500,0.245,5.30541450252349,434,target
500,0.857,0.0,434,target noiseless
500,0.129,25.950641814619303,435,off-target
500,0.453,0.0,435,off-target noiseless
500,0.095,6.606347017950839,435,target
500,0.02,0.0,435,target noiseless
500,0.041,10.439533209618276,436,off-target
500,0.136,0.0,436,off-target noiseless
500,0.952,0.009834645918618767,436,target
500,0.011,0.0,436,target noiseless
500,0.148,13.091713311089336,437,off-target
500,0.613,0.0,437,off-target noiseless
500,0.853,3684.5743780770717,437,target
500,0.233,0.0,437,target noiseless
500,0.431,79449.57589265052,438,off-target
500,0.401,0.0,438,off-target noiseless
500,0.084,86.67628538751978,438,target
500,0.887,0.0,438,target noiseless
500,0.026,9.571197599391098,439,off-target
500,0.362,0.0,439,off-target noiseless
500,0.627,19191.49910048023,439,target
500,0.522,0.0,439,target noiseless
500,0.02,13.478427452726066,440,off-target
500,0.648,0.0,440,off-target noiseless
500,0.077,19513.475828514434,440,target
500,0.102,0.0,440,target noiseless
500,0.022,12.084346750496081,441,off-target
500,0.901,0.0,441,off-target noiseless
500,0.738,1.5443260559777627,441,target
500,0.291,0.0,441,target noiseless
500,0.575,401445.2165712267,442,off-target
500,0.259,0.0,442,off-target noiseless
500,0.828,7068859.389338553,442,target
500,0.161,0.0,442,target noiseless
500,0.008,12.617193816643578,443,off-target
500,0.744,0.0,443,off-target noiseless
500,0.089,14516.017657697434,443,target
500,0.53,0.0,443,target noiseless
500,0.246,3.3091739002898635,444,off-target
500,0.218,0.0,444,off-target noiseless
500,0.438,18.44758681591543,444,target
500,0.084,0.0,444,target noiseless
500,0.053,12.427849537745317,445,off-target
500,0.997,0.0,445,off-target noiseless
500,0.627,5.479831525142856,445,target
500,0.441,0.0,445,target noiseless
500,0.011,11.882542266729615,446,off-target
500,0.403,0.0,446,off-target noiseless
500,0.557,23.874945302988863,446,target
500,0.81,0.0,446,target noiseless
500,0.058,7.076218174512178,447,off-target
500,0.294,0.0,447,off-target noiseless
500,0.052,210.92333925938965,447,target
500,0.988,0.0,447,target noiseless
500,0.159,11.505446993454882,448,off-target
500,0.126,0.0,448,off-target noiseless
500,0.206,7.987825608097921,448,target
500,0.378,0.0,448,target noiseless
500,0.028,13.36026049285124,449,off-target
500,0.955,0.0,449,off-target noiseless
500,0.565,133918.4063244844,449,target
500,0.482,0.0,449,target noiseless
500,0.059,14.587951682210644,450,off-target
500,0.407,0.0,450,off-target noiseless
500,0.215,2.286439864247086,450,target
500,0.765,0.0,450,target noiseless
500,0.614,12.640736174631684,451,off-target
500,0.423,0.0,451,off-target noiseless
500,0.418,17.371689235011445,451,target
500,0.84,0.0,451,target noiseless
500,0.495,10.128777480218162,452,off-target
500,0.662,0.0,452,off-target noiseless
500,0.866,3341.8754107179266,452,target
500,0.147,0.0,452,target noiseless
500,0.429,9.957420587727256,453,off-target
500,0.924,0.0,453,off-target noiseless
500,0.02,8.860198250295127,453,target
500,0.926,0.0,453,target noiseless
500,0.092,19.775342731378487,454,off-target
500,0.185,0.0,454,off-target noiseless
500,0.346,247.93532380703618,454,target
500,0.458,0.0,454,target noiseless
500,0.075,16.291823093671155,455,off-target
500,0.872,0.0,455,off-target noiseless
500,0.633,55.39771425145068,455,target
500,0.274,0.0,455,target noiseless
500,0.097,11.492639004733064,456,off-target
500,0.98,0.0,456,off-target noiseless
500,0.703,86.22179520045847,456,target
500,0.482,0.0,456,target noiseless
500,0.515,7.1750695036603815,457,off-target
500,0.445,0.0,457,off-target noiseless
500,0.12,5.217662007328045,457,target
500,0.484,0.0,457,target noiseless
500,0.471,22.316126227048017,458,off-target
500,0.227,0.0,458,off-target noiseless
500,0.942,4.447417270868982,458,target
500,0.58,0.0,458,target noiseless
500,0.024,11.466855505331353,459,off-target
500,0.438,0.0,459,off-target noiseless
500,0.261,3.9424629519150045,459,target
500,0.737,0.0,459,target noiseless
500,0.554,31.35055216433193,460,off-target
500,0.697,0.0,460,off-target noiseless
500,0.254,3.401271999355288,460,target
500,0.819,0.0,460,target noiseless
500,0.411,4.138048018032578,461,off-target
500,0.406,0.0,461,off-target noiseless
500,0.481,52324.16109932959,461,target
500,0.017,0.0,461,target noiseless
500,0.207,12.647421775787336,462,off-target
500,0.4,0.0,462,off-target noiseless
500,0.583,11.884026581766705,462,target
500,0.502,0.0,462,target noiseless
500,0.556,0.0023120028212419985,463,off-target
500,0.878,0.0,463,off-target noiseless
500,0.19,34.25713088223006,463,target
500,0.47,0.0,463,target noiseless
500,0.0,11.57566719293959,464,off-target
500,0.407,0.0,464,off-target noiseless
500,0.061,22.860456436992763,464,target
500,0.06,0.0,464,target noiseless
500,0.117,21.339151748589074,465,off-target
500,0.757,0.0,465,off-target noiseless
500,0.493,52.02362438498517,465,target
500,0.885,0.0,465,target noiseless
500,0.02,13.21742505771931,466,off-target
500,0.09,0.0,466,off-target noiseless
500,0.825,1.841479717741322,466,target
500,0.262,0.0,466,target noiseless
500,0.655,95232.1744077839,467,off-target
500,0.89,0.0,467,off-target noiseless
500,0.234,7.255624487716034,467,target
500,0.795,0.0,467,target noiseless
500,0.47,15.049265370144894,468,off-target
500,0.064,0.0,468,off-target noiseless
500,0.287,432168.21170449257,468,target
500,0.654,0.0,468,target noiseless
500,0.975,32953.88280168548,469,off-target
500,0.485,0.0,469,off-target noiseless
500,0.736,12.358908365455136,469,target
500,0.06,0.0,469,target noiseless
500,0.789,216.6712484965101,470,off-target
500,0.627,0.0,470,off-target noiseless
500,0.764,54.88526045357867,470,target
500,0.967,0.0,470,target noiseless
500,0.156,16.63855217333753,471,off-target
500,0.191,0.0,471,off-target noiseless
500,0.875,9.878325399667176,471,target
500,0.334,0.0,471,target noiseless
500,0.712,25.507838395032195,472,off-target
500,0.955,0.0,472,off-target noiseless
500,0.932,27.543647653038533,472,target
500,0.949,0.0,472,target noiseless
500,0.219,11.682593496664197,473,off-target
500,0.193,0.0,473,off-target noiseless
500,0.507,9.480772465700284,473,target
500,0.81,0.0,473,target noiseless
500,0.44,14.956236371405396,474,off-target
500,0.77,0.0,474,off-target noiseless
500,0.88,67072.85907269362,474,target
500,0.944,0.0,474,target noiseless
500,0.997,6707537.243248522,475,off-target
500,0.536,0.0,475,off-target noiseless
500,0.583,141.20370336957512,475,target
500,0.451,0.0,475,target noiseless
500,0.883,0.11677411650286817,476,off-target
500,0.545,0.0,476,off-target noiseless
500,0.662,2.255608234308056,476,target
500,0.85,0.0,476,target noiseless
500,0.374,19798.77352104732,477,off-target
500,0.704,0.0,477,off-target noiseless
500,0.734,5.647649745408728,477,target
500,0.648,0.0,477,target noiseless
500,0.037,10.687514878009097,478,off-target
500,0.904,0.0,478,off-target noiseless
500,0.266,820547.7023206986,478,target
500,0.479,0.0,478,target noiseless
500,0.04,10.944949972690665,479,off-target
500,0.248,0.0,479,off-target noiseless
500,0.527,783098.2833239771,479,target
500,0.856,0.0,479,target noiseless
500,0.106,2793867.3612642884,480,off-target
500,0.356,0.0,480,off-target noiseless
500,0.232,21.004646814444868,480,target
500,0.659,0.0,480,target noiseless
500,0.014,15.757419112350362,481,off-target
500,0.634,0.0,481,off-target noiseless
500,0.116,0.0030665885094961626,481,target
500,0.388,0.0,481,target noiseless
500,0.184,0.0019016591698540197,482,off-target
500,0.833,0.0,482,off-target noiseless
500,0.827,2.2808528185339725,482,target
500,0.03,0.0,482,target noiseless
500,0.027,10.347437013024376,483,off-target
500,0.293,0.0,483,off-target noiseless
500,0.088,73.79806450569595,483,target
500,0.49,0.0,483,target noiseless
500,0.019,10.647959496536942,484,off-target
500,0.379,0.0,484,off-target noiseless
500,0.995,10.225992952433671,484,target
500,0.751,0.0,484,target noiseless
500,0.345,159.9034410188333,485,off-target
500,0.423,0.0,485,off-target noiseless
500,0.933,72.7664435122606,485,target
500,0.759,0.0,485,target noiseless
500,0.034,11.078591863367876,486,off-target
500,0.783,0.0,486,off-target noiseless
500,0.63,14247.297855355078,486,target
500,0.586,0.0,486,target noiseless
500,0.168,3.620742409098698e-06,487,off-target
500,0.566,0.0,487,off-target noiseless
500,0.233,4.809581882587338,487,target
500,0.911,0.0,487,target noiseless
500,0.069,14.245960345581125,488,off-target
500,0.946,0.0,488,off-target noiseless
500,0.382,14.227743545800479,488,target
500,0.462,0.0,488,target noiseless
500,0.497,29.51747959073714,489,off-target
500,0.381,0.0,489,off-target noiseless
500,0.825,121719.15297556762,489,target
500,0.984,0.0,489,target noiseless
500,0.047,14.344294068655529,490,off-target
500,0.774,0.0,490,off-target noiseless
500,0.856,12.858513440878824,490,target
500,0.047,0.0,490,target noiseless
500,0.063,11.850403229420635,491,off-target
500,0.244,0.0,491,off-target noiseless
500,0.342,8.94573690778111,491,target
500,0.793,0.0,491,target noiseless
500,0.236,10.851580481059727,492,off-target
500,0.941,0.0,492,off-target noiseless
500,0.603,0.9806499381234666,492,target
500,0.581,0.0,492,target noiseless
500,0.155,11.514499835623212,493,off-target
500,0.002,0.0,493,off-target noiseless
500,0.666,2.56023048919657,493,target
500,0.906,0.0,493,target noiseless
500,0.002,13.285842364080565,494,off-target
500,0.978,0.0,494,off-target noiseless
500,0.537,7.130731790695125e-05,494,target
500,0.01,0.0,494,target noiseless
500,0.358,10.718195059017091,495,off-target
500,0.805,0.0,495,off-target noiseless
500,0.915,54875.006975233555,495,target
500,0.029,0.0,495,target noiseless
500,0.132,14.291714671279806,496,off-target
500,0.948,0.0,496,off-target noiseless
500,0.721,19.498633528361097,496,target
500,0.323,0.0,496,target noiseless
500,0.004,11.864947954905801,497,off-target
500,0.235,0.0,497,off-target noiseless
500,0.327,872444.5908721127,497,target
500,0.331,0.0,497,target noiseless
500,0.098,15.011800413513129,498,off-target
500,0.538,0.0,498,off-target noiseless
500,0.901,4.563351250006292,498,target
500,0.882,0.0,498,target noiseless
500,0.779,0.06453856406439229,499,off-target
500,0.004,0.0,499,off-target noiseless
500,0.348,7229.955378198065,499,target
500,0.834,0.0,499,target noiseless
